set,part,row,col,x0,y0,x1,y1,cell_left,cell_right,cell_top,cell_bottom,refined_top,refined_right
1,1,0,0,11,77,160,226,9,162,75,227,75,161
1,1,0,1,192,77,341,226,190,342,75,227,75,342
1,1,0,2,371,77,520,226,369,521,75,227,75,521
1,1,0,3,551,77,700,226,549,701,75,227,75,701
1,1,0,4,730,77,879,226,728,880,75,227,75,880
1,1,0,5,911,77,1060,226,910,1061,75,227,75,1061
1,1,0,6,1090,77,1239,226,1089,1240,75,227,75,1240
1,1,0,7,1270,77,1419,226,1268,1420,75,227,75,1420
1,1,0,8,1450,77,1599,226,1448,1600,75,227,75,1600
1,1,0,9,1630,77,1779,226,1628,1780,75,227,75,1780
1,1,1,0,12,257,161,406,9,167,255,408,255,162
1,1,1,1,192,257,341,406,190,342,255,408,255,342
1,1,1,2,371,257,520,406,369,521,255,408,255,521
1,1,1,3,551,258,700,407,549,701,255,408,256,701
1,1,1,4,730,258,879,407,728,880,255,408,256,880
1,1,1,5,911,258,1060,407,910,1061,255,408,256,1061
1,1,1,6,1090,258,1239,407,1089,1241,255,408,256,1240
1,1,1,7,1270,258,1419,407,1268,1420,255,408,256,1420
1,1,1,8,1448,258,1597,407,1446,1598,255,408,256,1598
1,1,1,9,1630,258,1779,407,1628,1780,255,408,256,1780
1,1,2,0,11,438,160,587,0,162,436,588,436,161
1,1,2,1,192,438,341,587,190,342,436,588,436,342
1,1,2,2,371,438,520,587,369,521,436,588,436,521
1,1,2,3,551,438,700,587,549,701,436,588,436,701
1,1,2,4,730,438,879,587,728,881,436,588,436,880
1,1,2,5,911,438,1060,587,909,1062,436,588,436,1061
1,1,2,6,1090,438,1239,587,1089,1241,436,588,436,1240
1,1,2,7,1270,438,1419,587,1268,1420,436,588,436,1420
1,1,2,8,1450,438,1599,587,1448,1600,436,588,436,1600
1,1,2,9,1630,438,1779,587,1628,1780,436,588,436,1780
1,1,3,0,11,619,160,768,0,162,617,769,617,161
1,1,3,1,192,619,341,768,190,342,617,769,617,342
1,1,3,2,371,619,520,768,369,521,617,769,617,521
1,1,3,3,551,619,700,768,549,703,617,769,617,701
1,1,3,4,730,619,879,768,728,881,617,769,617,880
1,1,3,5,911,619,1060,768,909,1062,617,769,617,1061
1,1,3,6,1090,619,1239,768,1089,1241,617,769,617,1240
1,1,3,7,1270,619,1419,768,1268,1420,617,769,617,1420
1,1,3,8,1450,619,1599,768,1448,1600,617,769,617,1600
1,1,3,9,1630,619,1779,768,1628,1780,617,769,617,1780
1,1,4,0,11,798,160,947,9,162,797,949,796,161
1,1,4,1,192,799,341,948,190,342,797,949,797,342
1,1,4,2,371,799,520,948,369,521,797,949,797,521
1,1,4,3,551,799,700,948,549,701,797,949,797,701
1,1,4,4,730,799,879,948,728,880,797,949,797,880
1,1,4,5,911,799,1060,948,910,1061,797,949,797,1061
1,1,4,6,1090,799,1239,948,1089,1240,797,949,797,1240
1,1,4,7,1270,799,1419,948,1268,1420,797,949,797,1420
1,1,4,8,1450,799,1599,948,1448,1600,797,949,797,1600
1,1,4,9,1630,799,1779,948,1628,1780,797,949,797,1780
1,2,0,0,11,76,160,225,9,162,74,226,74,161
1,2,0,1,192,76,341,225,190,342,74,226,74,342
1,2,0,2,371,76,520,225,369,521,74,226,74,521
1,2,0,3,551,76,700,225,549,701,74,226,74,701
1,2,0,4,730,76,879,225,728,880,74,226,74,880
1,2,0,5,911,76,1060,225,910,1061,74,226,74,1061
1,2,0,6,1090,76,1239,225,1089,1241,74,226,74,1240
1,2,0,7,1270,77,1419,226,1268,1420,74,226,75,1420
1,2,0,8,1450,77,1599,226,1448,1600,74,226,75,1600
1,2,0,9,1630,77,1779,226,1628,1780,74,226,75,1780
1,2,1,0,12,256,161,405,9,167,254,407,254,162
1,2,1,1,192,256,341,405,189,342,254,407,254,342
1,2,1,2,371,256,520,405,369,521,254,407,254,521
1,2,1,3,551,257,700,406,549,701,254,407,255,701
1,2,1,4,730,257,879,406,728,880,254,407,255,880
1,2,1,5,911,257,1060,406,909,1061,254,407,255,1061
1,2,1,6,1090,257,1239,406,1089,1241,254,407,255,1240
1,2,1,7,1270,257,1419,406,1268,1420,254,407,255,1420
1,2,1,8,1450,257,1599,406,1448,1600,254,407,255,1600
1,2,1,9,1630,257,1779,406,1628,1780,254,407,255,1780
1,2,2,0,11,437,160,586,0,162,435,587,435,161
1,2,2,1,192,437,341,586,190,342,435,587,435,342
1,2,2,2,371,437,520,586,369,521,435,587,435,521
1,2,2,3,551,437,700,586,549,701,435,587,435,701
1,2,2,4,730,437,879,586,728,881,435,587,435,880
1,2,2,5,911,437,1060,586,909,1062,435,587,435,1061
1,2,2,6,1090,437,1239,586,1089,1241,435,587,435,1240
1,2,2,7,1270,437,1419,586,1268,1420,435,587,435,1420
1,2,2,8,1450,437,1599,586,1448,1600,435,587,435,1600
1,2,2,9,1630,437,1779,586,1628,1780,435,587,435,1780
1,2,3,0,11,618,160,767,0,162,615,768,616,161
1,2,3,1,192,618,341,767,190,342,615,768,616,342
1,2,3,2,371,618,520,767,369,521,615,768,616,521
1,2,3,3,551,618,700,767,549,703,615,768,616,701
1,2,3,4,730,618,879,767,728,880,615,768,616,880
1,2,3,5,911,617,1060,766,909,1062,615,768,615,1061
1,2,3,6,1090,618,1239,767,1089,1241,615,768,616,1240
1,2,3,7,1270,618,1419,767,1268,1420,615,768,616,1420
1,2,3,8,1448,618,1597,767,1446,1598,615,768,616,1598
1,2,3,9,1630,618,1779,767,1628,1780,615,768,616,1780
1,2,4,0,11,798,160,947,8,162,796,948,796,161
1,2,4,1,192,799,341,948,190,342,796,948,797,342
1,2,4,2,371,799,520,948,369,521,796,948,797,521
1,2,4,3,551,799,700,948,549,701,796,948,797,701
1,2,4,4,730,799,879,948,728,880,796,948,797,880
1,2,4,5,911,799,1060,948,910,1061,796,948,797,1061
1,2,4,6,1090,799,1239,948,1089,1241,796,948,797,1240
1,2,4,7,1270,799,1419,948,1268,1420,796,948,797,1420
1,2,4,8,1450,799,1599,948,1448,1600,796,948,797,1600
1,2,4,9,1630,799,1779,948,1628,1780,796,948,797,1780
2,1,0,0,17,62,166,211,15,167,60,212,60,167
2,1,0,1,197,62,346,211,195,347,60,212,60,347
2,1,0,2,376,62,525,211,374,526,60,212,60,526
2,1,0,3,557,62,706,211,555,707,60,212,60,707
2,1,0,4,736,62,885,211,734,886,60,212,60,886
2,1,0,5,917,62,1066,211,915,1067,60,212,60,1067
2,1,0,6,1097,62,1246,211,1095,1247,60,212,60,1247
2,1,0,7,1277,62,1426,211,1275,1427,60,212,60,1427
2,1,0,8,1456,62,1605,211,1454,1606,60,212,60,1606
2,1,0,9,1637,62,1786,211,1635,1787,60,212,60,1787
2,1,1,0,17,242,166,391,15,167,240,392,240,167
2,1,1,1,197,242,346,391,195,347,240,392,240,347
2,1,1,2,376,242,525,391,374,526,240,392,240,526
2,1,1,3,557,242,706,391,555,707,240,392,240,707
2,1,1,4,737,242,886,391,735,887,240,392,240,887
2,1,1,5,917,242,1066,391,915,1067,240,392,240,1067
2,1,1,6,1097,242,1246,391,1095,1247,240,392,240,1247
2,1,1,7,1277,242,1426,391,1275,1427,240,392,240,1427
2,1,1,8,1456,242,1605,391,1454,1606,240,392,240,1606
2,1,1,9,1637,242,1786,391,1635,1787,240,392,240,1787
2,1,2,0,17,424,166,573,15,167,420,574,422,167
2,1,2,1,197,424,346,573,195,347,420,574,422,347
2,1,2,2,376,422,525,571,374,526,420,574,420,526
2,1,2,3,557,424,706,573,555,708,420,574,422,707
2,1,2,4,737,424,886,573,735,887,420,574,422,887
2,1,2,5,917,422,1066,571,915,1068,420,574,420,1067
2,1,2,6,1097,422,1246,571,1095,1247,420,574,420,1247
2,1,2,7,1277,422,1426,571,1275,1427,420,574,420,1427
2,1,2,8,1456,422,1605,571,1454,1606,420,574,420,1606
2,1,2,9,1637,424,1786,573,1635,1787,420,574,422,1787
2,1,3,0,17,604,166,753,15,167,602,754,602,167
2,1,3,1,197,604,346,753,195,347,602,754,602,347
2,1,3,2,376,604,525,753,374,526,602,754,602,526
2,1,3,3,557,604,706,753,555,708,602,754,602,707
2,1,3,4,737,604,886,753,735,887,602,754,602,887
2,1,3,5,917,604,1066,753,915,1067,602,754,602,1067
2,1,3,6,1097,604,1246,753,1095,1247,602,754,602,1247
2,1,3,7,1277,604,1426,753,1275,1427,602,754,602,1427
2,1,3,8,1454,604,1603,753,1452,1604,602,754,602,1604
2,1,3,9,1638,604,1787,753,1636,1788,602,754,602,1788
2,1,4,0,17,784,166,933,15,167,782,934,782,167
2,1,4,1,197,784,346,933,195,347,782,934,782,347
2,1,4,2,376,784,525,933,374,526,782,934,782,526
2,1,4,3,557,784,706,933,555,708,782,934,782,707
2,1,4,4,736,784,885,933,734,886,782,934,782,886
2,1,4,5,917,784,1066,933,915,1067,782,934,782,1067
2,1,4,6,1097,784,1246,933,1095,1247,782,934,782,1247
2,1,4,7,1277,784,1426,933,1275,1427,782,934,782,1427
2,1,4,8,1456,784,1605,933,1454,1606,782,934,782,1606
2,1,4,9,1637,784,1786,933,1635,1787,782,934,782,1787
2,2,0,0,16,61,165,210,14,166,59,211,59,166
2,2,0,1,197,61,346,210,195,347,59,211,59,347
2,2,0,2,376,61,525,210,374,526,59,211,59,526
2,2,0,3,557,61,706,210,555,707,59,211,59,707
2,2,0,4,736,61,885,210,734,886,59,211,59,886
2,2,0,5,917,61,1066,210,915,1068,59,211,59,1067
2,2,0,6,1097,61,1246,210,1095,1247,59,211,59,1247
2,2,0,7,1277,61,1426,210,1275,1427,59,211,59,1427
2,2,0,8,1454,61,1603,210,1452,1604,59,211,59,1604
2,2,0,9,1638,61,1787,210,1636,1788,59,211,59,1788
2,2,1,0,16,241,165,390,14,166,239,392,239,166
2,2,1,1,197,241,346,390,195,347,239,392,239,347
2,2,1,2,376,241,525,390,374,526,239,392,239,526
2,2,1,3,557,241,706,390,555,707,239,392,239,707
2,2,1,4,736,241,885,390,734,886,239,392,239,886
2,2,1,5,917,241,1066,390,915,1068,239,392,239,1067
2,2,1,6,1097,241,1246,390,1095,1247,239,392,239,1247
2,2,1,7,1277,242,1426,391,1275,1427,239,392,240,1427
2,2,1,8,1456,241,1605,390,1454,1606,239,392,239,1606
2,2,1,9,1637,242,1786,391,1635,1788,239,392,240,1787
2,2,2,0,17,422,166,571,15,167,420,572,420,167
2,2,2,1,197,422,346,571,195,347,420,572,420,347
2,2,2,2,376,422,525,571,374,526,420,572,420,526
2,2,2,3,557,422,706,571,555,708,420,572,420,707
2,2,2,4,736,422,885,571,734,886,420,572,420,886
2,2,2,5,917,422,1066,571,915,1068,420,572,420,1067
2,2,2,6,1097,422,1246,571,1095,1247,420,572,420,1247
2,2,2,7,1277,422,1426,571,1275,1427,420,572,420,1427
2,2,2,8,1456,422,1605,571,1454,1606,420,572,420,1606
2,2,2,9,1637,422,1786,571,1635,1788,420,572,420,1787
2,2,3,0,16,602,165,751,14,166,600,753,600,166
2,2,3,1,197,602,346,751,195,347,600,753,600,347
2,2,3,2,376,602,525,751,374,526,600,753,600,526
2,2,3,3,557,602,706,751,555,707,600,753,600,707
2,2,3,4,736,602,885,751,734,886,600,753,600,886
2,2,3,5,917,602,1066,751,915,1068,600,753,600,1067
2,2,3,6,1097,603,1246,752,1095,1247,600,753,601,1247
2,2,3,7,1277,602,1426,751,1275,1427,600,753,600,1427
2,2,3,8,1456,602,1605,751,1454,1606,600,753,600,1606
2,2,3,9,1637,603,1786,752,1635,1787,600,753,601,1787
2,2,4,0,16,784,165,933,14,166,782,934,782,166
2,2,4,1,197,784,346,933,195,347,782,934,782,347
2,2,4,2,376,784,525,933,374,526,782,934,782,526
2,2,4,3,557,784,706,933,555,708,782,934,782,707
2,2,4,4,737,784,886,933,735,887,782,934,782,887
2,2,4,5,917,784,1066,933,915,1068,782,934,782,1067
2,2,4,6,1097,784,1246,933,1095,1247,782,934,782,1247
2,2,4,7,1277,784,1426,933,1275,1427,782,934,782,1427
2,2,4,8,1456,784,1605,933,1454,1606,782,934,782,1606
2,2,4,9,1638,784,1787,933,1636,1788,782,934,782,1788
3,1,0,0,19,75,168,224,18,169,73,225,73,169
3,1,0,1,199,75,348,224,198,349,73,225,73,349
3,1,0,2,378,75,527,224,377,528,73,225,73,528
3,1,0,3,558,75,707,224,556,708,73,225,73,708
3,1,0,4,736,75,885,224,735,886,73,225,73,886
3,1,0,5,916,76,1065,225,915,1066,73,225,74,1066
3,1,0,6,1094,75,1243,224,1093,1244,73,225,73,1244
3,1,0,7,1273,75,1422,224,1272,1424,73,225,73,1423
3,1,0,8,1452,75,1601,224,1451,1602,73,225,73,1602
3,1,0,9,1632,75,1781,224,1631,1782,73,225,73,1782
3,1,1,0,19,255,168,404,18,169,253,404,253,169
3,1,1,1,199,255,348,404,198,349,253,404,253,349
3,1,1,2,378,255,527,404,377,528,253,404,253,528
3,1,1,3,557,255,706,404,556,708,253,404,253,707
3,1,1,4,736,255,885,404,735,886,253,404,253,886
3,1,1,5,916,255,1065,404,915,1066,253,404,253,1066
3,1,1,6,1094,255,1243,404,1093,1244,253,404,253,1244
3,1,1,7,1273,255,1422,404,1272,1423,253,404,253,1423
3,1,1,8,1452,255,1601,404,1451,1602,253,404,253,1602
3,1,1,9,1632,255,1781,404,1631,1782,253,404,253,1782
3,1,2,0,19,435,168,584,18,169,433,585,433,169
3,1,2,1,199,435,348,584,198,349,433,585,433,349
3,1,2,2,378,435,527,584,377,528,433,585,433,528
3,1,2,3,558,435,707,584,556,708,433,585,433,708
3,1,2,4,736,435,885,584,735,886,433,585,433,886
3,1,2,5,916,435,1065,584,915,1066,433,585,433,1066
3,1,2,6,1094,435,1243,584,1093,1244,433,585,433,1244
3,1,2,7,1274,435,1423,584,1273,1424,433,585,433,1424
3,1,2,8,1452,435,1601,584,1451,1602,433,585,433,1602
3,1,2,9,1632,435,1781,584,1631,1782,433,585,433,1782
3,1,3,0,19,615,168,764,18,169,612,764,613,169
3,1,3,1,199,615,348,764,198,349,612,764,613,349
3,1,3,2,378,615,527,764,377,528,612,764,613,528
3,1,3,3,558,615,707,764,556,708,612,764,613,708
3,1,3,4,736,615,885,764,735,886,612,764,613,886
3,1,3,5,916,615,1065,764,915,1066,612,764,613,1066
3,1,3,6,1094,615,1243,764,1093,1244,612,764,613,1244
3,1,3,7,1273,615,1422,764,1272,1424,612,764,613,1423
3,1,3,8,1453,615,1602,764,1451,1603,612,764,613,1603
3,1,3,9,1632,615,1781,764,1631,1782,612,764,613,1782
3,1,4,0,19,794,168,943,18,169,792,944,792,169
3,1,4,1,199,794,348,943,198,349,792,944,792,349
3,1,4,2,378,794,527,943,377,528,792,944,792,528
3,1,4,3,558,794,707,943,556,708,792,944,792,708
3,1,4,4,736,794,885,943,735,886,792,944,792,886
3,1,4,5,916,794,1065,943,915,1066,792,944,792,1066
3,1,4,6,1094,794,1243,943,1093,1244,792,944,792,1244
3,1,4,7,1274,794,1423,943,1273,1424,792,944,792,1424
3,1,4,8,1452,794,1601,943,1451,1602,792,944,792,1602
3,1,4,9,1632,794,1781,943,1631,1782,792,944,792,1782
3,2,0,0,19,75,168,224,18,169,73,224,73,169
3,2,0,1,199,75,348,224,198,349,73,224,73,349
3,2,0,2,378,75,527,224,377,528,73,224,73,528
3,2,0,3,558,75,707,224,556,708,73,224,73,708
3,2,0,4,736,75,885,224,735,886,73,224,73,886
3,2,0,5,916,75,1065,224,915,1066,73,224,73,1066
3,2,0,6,1095,75,1244,224,1094,1245,73,224,73,1245
3,2,0,7,1273,75,1422,224,1272,1424,73,224,73,1423
3,2,0,8,1453,75,1602,224,1451,1603,73,224,73,1603
3,2,0,9,1632,75,1781,224,1631,1782,73,224,73,1782
3,2,1,0,19,255,168,404,18,169,253,404,253,169
3,2,1,1,199,255,348,404,198,349,253,404,253,349
3,2,1,2,378,255,527,404,377,528,253,404,253,528
3,2,1,3,558,255,707,404,556,708,253,404,253,708
3,2,1,4,736,255,885,404,735,886,253,404,253,886
3,2,1,5,917,255,1066,404,915,1067,253,404,253,1067
3,2,1,6,1094,255,1243,404,1093,1244,253,404,253,1244
3,2,1,7,1273,255,1422,404,1272,1424,253,404,253,1423
3,2,1,8,1453,255,1602,404,1451,1603,253,404,253,1603
3,2,1,9,1632,255,1781,404,1631,1782,253,404,253,1782
3,2,2,0,19,434,168,583,18,169,432,584,432,169
3,2,2,1,199,434,348,583,198,349,432,584,432,349
3,2,2,2,378,434,527,583,377,528,432,584,432,528
3,2,2,3,558,434,707,583,556,708,432,584,432,708
3,2,2,4,736,434,885,583,735,886,432,584,432,886
3,2,2,5,916,434,1065,583,915,1066,432,584,432,1066
3,2,2,6,1095,434,1244,583,1094,1245,432,584,432,1245
3,2,2,7,1273,434,1422,583,1272,1424,432,584,432,1423
3,2,2,8,1452,434,1601,583,1451,1602,432,584,432,1602
3,2,2,9,1632,434,1781,583,1631,1782,432,584,432,1782
3,2,3,0,19,615,168,764,18,169,613,764,613,169
3,2,3,1,199,615,348,764,198,349,613,764,613,349
3,2,3,2,378,615,527,764,377,528,613,764,613,528
3,2,3,3,558,615,707,764,556,708,613,764,613,708
3,2,3,4,736,615,885,764,735,886,613,764,613,886
3,2,3,5,916,615,1065,764,915,1066,613,764,613,1066
3,2,3,6,1095,615,1244,764,1094,1245,613,764,613,1245
3,2,3,7,1274,615,1423,764,1273,1424,613,764,613,1424
3,2,3,8,1453,615,1602,764,1451,1603,613,764,613,1603
3,2,3,9,1632,615,1781,764,1631,1782,613,764,613,1782
3,2,4,0,19,794,168,943,18,169,792,943,792,169
3,2,4,1,199,794,348,943,198,349,792,943,792,349
3,2,4,2,378,794,527,943,377,528,792,943,792,528
3,2,4,3,558,794,707,943,556,708,792,943,792,708
3,2,4,4,736,794,885,943,735,886,792,943,792,886
3,2,4,5,916,794,1065,943,915,1067,792,943,792,1066
3,2,4,6,1095,794,1244,943,1094,1245,792,943,792,1245
3,2,4,7,1274,794,1423,943,1273,1424,792,943,792,1424
3,2,4,8,1453,794,1602,943,1451,1603,792,943,792,1603
3,2,4,9,1632,794,1781,943,1631,1782,792,943,792,1782
4,1,0,0,12,67,161,216,10,162,65,217,65,162
4,1,0,1,193,67,342,216,190,343,65,217,65,343
4,1,0,2,374,67,523,216,371,524,65,217,65,524
4,1,0,3,554,67,703,216,552,704,65,217,65,704
4,1,0,4,734,67,883,216,732,884,65,217,65,884
4,1,0,5,915,67,1064,216,913,1065,65,217,65,1065
4,1,0,6,1095,67,1244,216,1092,1245,65,217,65,1245
4,1,0,7,1276,67,1425,216,1274,1426,65,217,65,1426
4,1,0,8,1455,67,1604,216,1453,1605,65,217,65,1605
4,1,0,9,1637,67,1786,216,1635,1787,65,217,65,1787
4,1,1,0,12,246,161,395,10,162,244,398,244,162
4,1,1,1,192,246,341,395,190,343,244,398,244,342
4,1,1,2,374,246,523,395,372,524,244,398,244,524
4,1,1,3,554,246,703,395,552,704,244,398,244,704
4,1,1,4,736,246,885,395,733,886,244,398,244,886
4,1,1,5,916,246,1065,395,913,1066,244,398,244,1066
4,1,1,6,1095,246,1244,395,1093,1246,244,398,244,1245
4,1,1,7,1277,246,1426,395,1275,1427,244,398,244,1427
4,1,1,8,1457,246,1606,395,1455,1607,244,398,244,1607
4,1,1,9,1637,248,1786,397,1635,1787,244,398,246,1787
4,1,2,0,13,428,162,577,10,163,426,578,426,163
4,1,2,1,192,428,341,577,190,343,426,578,426,342
4,1,2,2,374,428,523,577,372,524,426,578,426,524
4,1,2,3,554,428,703,577,552,704,426,578,426,704
4,1,2,4,736,428,885,577,733,886,426,578,426,886
4,1,2,5,916,428,1065,577,913,1066,426,578,426,1066
4,1,2,6,1096,428,1245,577,1093,1246,426,578,426,1246
4,1,2,7,1277,428,1426,577,1275,1427,426,578,426,1427
4,1,2,8,1457,428,1606,577,1455,1607,426,578,426,1607
4,1,2,9,1638,428,1787,577,1636,1788,426,578,426,1788
4,1,3,0,11,610,160,759,9,161,608,761,608,161
4,1,3,1,193,610,342,759,190,343,608,761,608,343
4,1,3,2,358,610,507,759,356,508,608,761,608,508
4,1,3,3,554,610,703,759,552,704,608,761,608,704
4,1,3,4,736,610,885,759,733,886,608,761,608,886
4,1,3,5,916,610,1065,759,913,1066,608,761,608,1066
4,1,3,6,1096,610,1245,759,1093,1246,608,761,608,1246
4,1,3,7,1277,610,1426,759,1275,1427,608,761,608,1427
4,1,3,8,1457,610,1606,759,1455,1607,608,761,608,1607
4,1,3,9,1638,610,1787,759,1636,1788,608,761,608,1788
4,1,4,0,13,791,162,940,11,163,789,942,789,163
4,1,4,1,193,791,342,940,190,343,789,942,789,343
4,1,4,2,374,791,523,940,372,524,789,942,789,524
4,1,4,3,554,791,703,940,552,704,789,942,789,704
4,1,4,4,736,791,885,940,733,886,789,942,789,886
4,1,4,5,916,791,1065,940,913,1066,789,942,789,1066
4,1,4,6,1096,791,1245,940,1093,1246,789,942,789,1246
4,1,4,7,1277,791,1426,940,1275,1427,789,942,789,1427
4,1,4,8,1457,791,1606,940,1455,1607,789,942,789,1607
4,1,4,9,1638,791,1787,940,1636,1788,789,942,789,1788
4,2,0,0,12,66,161,215,10,162,64,217,64,162
4,2,0,1,192,67,341,216,190,343,64,217,65,342
4,2,0,2,374,67,523,216,372,524,64,217,65,524
4,2,0,3,554,67,703,216,552,704,64,217,65,704
4,2,0,4,736,67,885,216,733,886,64,217,65,886
4,2,0,5,916,66,1065,215,913,1066,64,217,64,1066
4,2,0,6,1096,66,1245,215,1093,1246,64,217,64,1246
4,2,0,7,1277,66,1426,215,1275,1427,64,217,64,1427
4,2,0,8,1457,66,1606,215,1455,1607,64,217,64,1607
4,2,0,9,1638,66,1787,215,1636,1788,64,217,64,1788
4,2,1,0,12,250,161,399,10,162,248,401,248,162
4,2,1,1,192,250,341,399,190,343,248,401,248,342
4,2,1,2,374,250,523,399,372,524,248,401,248,524
4,2,1,3,554,250,703,399,552,704,248,401,248,704
4,2,1,4,736,250,885,399,733,886,248,401,248,886
4,2,1,5,916,250,1065,399,913,1066,248,401,248,1066
4,2,1,6,1096,250,1245,399,1093,1246,248,401,248,1246
4,2,1,7,1277,250,1426,399,1275,1427,248,401,248,1427
4,2,1,8,1457,250,1606,399,1455,1607,248,401,248,1607
4,2,1,9,1638,250,1787,399,1636,1788,248,401,248,1788
4,2,2,0,11,430,160,579,9,161,428,581,428,161
4,2,2,1,193,430,342,579,190,343,428,581,428,343
4,2,2,2,374,430,523,579,372,524,428,581,428,524
4,2,2,3,554,430,703,579,552,704,428,581,428,704
4,2,2,4,736,430,885,579,733,886,428,581,428,886
4,2,2,5,916,430,1065,579,913,1066,428,581,428,1066
4,2,2,6,1096,430,1245,579,1093,1246,428,581,428,1246
4,2,2,7,1277,430,1426,579,1275,1427,428,581,428,1427
4,2,2,8,1457,430,1606,579,1455,1607,428,581,428,1607
4,2,2,9,1638,430,1787,579,1636,1788,428,581,428,1788
4,2,3,0,12,610,161,759,10,162,608,761,608,162
4,2,3,1,193,610,342,759,190,343,608,761,608,343
4,2,3,2,373,610,522,759,371,523,608,761,608,523
4,2,3,3,554,611,703,760,552,704,608,761,609,704
4,2,3,4,736,610,885,759,733,886,608,761,608,886
4,2,3,5,916,610,1065,759,913,1066,608,761,608,1066
4,2,3,6,1096,610,1245,759,1093,1246,608,761,608,1246
4,2,3,7,1277,610,1426,759,1275,1427,608,761,608,1427
4,2,3,8,1457,610,1606,759,1455,1607,608,761,608,1607
4,2,3,9,1638,610,1787,759,1636,1788,608,761,608,1788
4,2,4,0,13,792,162,941,11,163,790,942,790,163
4,2,4,1,192,792,341,941,190,343,790,942,790,342
4,2,4,2,373,792,522,941,371,523,790,942,790,523
4,2,4,3,554,792,703,941,552,704,790,942,790,704
4,2,4,4,734,792,883,941,732,884,790,942,790,884
4,2,4,5,915,792,1064,941,913,1065,790,942,790,1065
4,2,4,6,1095,792,1244,941,1092,1245,790,942,790,1245
4,2,4,7,1276,792,1425,941,1274,1426,790,942,790,1426
4,2,4,8,1455,792,1604,941,1453,1605,790,942,790,1605
4,2,4,9,1637,792,1786,941,1635,1787,790,942,790,1787
5,1,0,0,11,70,160,219,9,161,68,221,68,161
5,1,0,1,192,70,341,219,190,342,68,221,68,342
5,1,0,2,372,70,521,219,370,522,68,221,68,522
5,1,0,3,553,70,702,219,551,703,68,221,68,703
5,1,0,4,732,70,881,219,730,882,68,221,68,882
5,1,0,5,913,70,1062,219,911,1063,68,221,68,1063
5,1,0,6,1093,70,1242,219,1091,1243,68,221,68,1243
5,1,0,7,1274,70,1423,219,1272,1424,68,221,68,1424
5,1,0,8,1454,70,1603,219,1451,1604,68,221,68,1604
5,1,0,9,1635,70,1784,219,1632,1785,68,221,68,1785
5,1,1,0,11,251,160,400,9,161,249,402,249,161
5,1,1,1,192,251,341,400,190,342,249,402,249,342
5,1,1,2,372,251,521,400,370,522,249,402,249,522
5,1,1,3,553,251,702,400,551,703,249,402,249,703
5,1,1,4,732,251,881,400,730,882,249,402,249,882
5,1,1,5,913,251,1062,400,911,1063,249,402,249,1063
5,1,1,6,1093,251,1242,400,1091,1243,249,402,249,1243
5,1,1,7,1274,251,1423,400,1272,1424,249,402,249,1424
5,1,1,8,1454,251,1603,400,1452,1604,249,402,249,1604
5,1,1,9,1635,251,1784,400,1632,1785,249,402,249,1785
5,1,2,0,11,432,160,581,9,161,430,583,430,161
5,1,2,1,192,432,341,581,190,342,430,583,430,342
5,1,2,2,372,432,521,581,370,522,430,583,430,522
5,1,2,3,553,432,702,581,551,703,430,583,430,703
5,1,2,4,732,433,881,582,730,882,430,583,431,882
5,1,2,5,913,432,1062,581,911,1063,430,583,430,1063
5,1,2,6,1093,432,1242,581,1091,1243,430,583,430,1243
5,1,2,7,1274,432,1423,581,1272,1424,430,583,430,1424
5,1,2,8,1454,432,1603,581,1452,1604,430,583,430,1604
5,1,2,9,1635,432,1784,581,1632,1785,430,583,430,1785
5,1,3,0,11,613,160,762,9,161,611,764,611,161
5,1,3,1,192,613,341,762,190,342,611,764,611,342
5,1,3,2,372,613,521,762,370,522,611,764,611,522
5,1,3,3,553,614,702,763,551,703,611,764,612,703
5,1,3,4,732,613,881,762,730,882,611,764,611,882
5,1,3,5,913,613,1062,762,911,1063,611,764,611,1063
5,1,3,6,1093,613,1242,762,1091,1243,611,764,611,1243
5,1,3,7,1274,613,1423,762,1272,1424,611,764,611,1424
5,1,3,8,1454,613,1603,762,1452,1604,611,764,611,1604
5,1,3,9,1635,613,1784,762,1632,1785,611,764,611,1785
5,1,4,0,11,794,160,943,9,161,792,945,792,161
5,1,4,1,192,794,341,943,190,342,792,945,792,342
5,1,4,2,372,795,521,944,370,522,792,945,793,522
5,1,4,3,553,794,702,943,551,703,792,945,792,703
5,1,4,4,732,794,881,943,730,882,792,945,792,882
5,1,4,5,914,795,1063,944,912,1064,792,945,793,1064
5,1,4,6,1093,794,1242,943,1091,1243,792,945,792,1243
5,1,4,7,1274,794,1423,943,1272,1424,792,945,792,1424
5,1,4,8,1454,794,1603,943,1452,1604,792,945,792,1604
5,1,4,9,1635,794,1784,943,1632,1785,792,945,792,1785
5,2,0,0,10,70,159,219,8,160,68,220,68,160
5,2,0,1,192,70,341,219,190,342,68,220,68,342
5,2,0,2,372,70,521,219,370,522,68,220,68,522
5,2,0,3,553,70,702,219,551,703,68,220,68,703
5,2,0,4,732,70,881,219,730,882,68,220,68,882
5,2,0,5,914,70,1063,219,912,1064,68,220,68,1064
5,2,0,6,1093,70,1242,219,1091,1243,68,220,68,1243
5,2,0,7,1274,70,1423,219,1272,1424,68,220,68,1424
5,2,0,8,1454,70,1603,219,1452,1604,68,220,68,1604
5,2,0,9,1635,70,1784,219,1632,1785,68,220,68,1785
5,2,1,0,11,252,160,401,9,161,250,402,250,161
5,2,1,1,192,252,341,401,190,342,250,402,250,342
5,2,1,2,372,252,521,401,370,522,250,402,250,522
5,2,1,3,553,252,702,401,550,703,250,402,250,703
5,2,1,4,732,252,881,401,730,882,250,402,250,882
5,2,1,5,914,252,1063,401,912,1064,250,402,250,1064
5,2,1,6,1093,252,1242,401,1091,1243,250,402,250,1243
5,2,1,7,1274,252,1423,401,1272,1424,250,402,250,1424
5,2,1,8,1454,252,1603,401,1452,1604,250,402,250,1604
5,2,1,9,1635,252,1784,401,1632,1785,250,402,250,1785
5,2,2,0,10,433,159,582,8,160,430,583,431,160
5,2,2,1,192,433,341,582,190,342,430,583,431,342
5,2,2,2,372,433,521,582,370,522,430,583,431,522
5,2,2,3,553,433,702,582,550,703,430,583,431,703
5,2,2,4,732,433,881,582,730,882,430,583,431,882
5,2,2,5,914,433,1063,582,912,1064,430,583,431,1064
5,2,2,6,1093,433,1242,582,1091,1243,430,583,431,1243
5,2,2,7,1274,433,1423,582,1272,1424,430,583,431,1424
5,2,2,8,1454,433,1603,582,1452,1604,430,583,431,1604
5,2,2,9,1635,433,1784,582,1632,1785,430,583,431,1785
5,2,3,0,11,614,160,763,9,161,612,764,612,161
5,2,3,1,192,614,341,763,190,342,612,764,612,342
5,2,3,2,372,614,521,763,370,522,612,764,612,522
5,2,3,3,553,614,702,763,551,703,612,764,612,703
5,2,3,4,732,614,881,763,730,882,612,764,612,882
5,2,3,5,914,614,1063,763,912,1064,612,764,612,1064
5,2,3,6,1093,614,1242,763,1091,1243,612,764,612,1243
5,2,3,7,1274,614,1423,763,1272,1424,612,764,612,1424
5,2,3,8,1454,614,1603,763,1452,1604,612,764,612,1604
5,2,3,9,1635,614,1784,763,1632,1785,612,764,612,1785
5,2,4,0,11,795,160,944,9,161,793,945,793,161
5,2,4,1,192,795,341,944,190,342,793,945,793,342
5,2,4,2,372,795,521,944,370,522,793,945,793,522
5,2,4,3,553,795,702,944,551,703,793,945,793,703
5,2,4,4,732,795,881,944,730,882,793,945,793,882
5,2,4,5,914,795,1063,944,912,1064,793,945,793,1064
5,2,4,6,1093,795,1242,944,1091,1243,793,945,793,1243
5,2,4,7,1274,795,1423,944,1272,1424,793,945,793,1424
5,2,4,8,1454,795,1603,944,1452,1604,793,945,793,1604
5,2,4,9,1635,795,1784,944,1632,1785,793,945,793,1785
6,1,0,0,8,61,157,210,6,159,59,213,59,158
6,1,0,1,190,61,339,210,187,340,59,213,59,340
6,1,0,2,370,61,519,210,368,520,59,213,59,520
6,1,0,3,552,61,701,210,550,702,59,213,59,702
6,1,0,4,733,61,882,210,730,883,59,213,59,883
6,1,0,5,915,61,1064,210,912,1065,59,213,59,1065
6,1,0,6,1095,61,1244,210,1092,1245,59,213,59,1245
6,1,0,7,1277,61,1426,210,1274,1427,59,213,59,1427
6,1,0,8,1457,61,1606,210,1454,1607,59,213,59,1607
6,1,0,9,1639,61,1788,210,1636,1789,59,213,59,1789
6,1,1,0,9,243,158,392,6,159,241,394,241,159
6,1,1,1,190,243,339,392,187,340,241,394,241,340
6,1,1,2,370,243,519,392,368,520,241,394,241,520
6,1,1,3,552,243,701,392,550,702,241,394,241,702
6,1,1,4,733,243,882,392,730,883,241,394,241,883
6,1,1,5,914,243,1063,392,911,1064,241,394,241,1064
6,1,1,6,1095,243,1244,392,1092,1245,241,394,241,1245
6,1,1,7,1277,243,1426,392,1274,1427,241,394,241,1427
6,1,1,8,1457,243,1606,392,1454,1607,241,394,241,1607
6,1,1,9,1638,243,1787,392,1636,1789,241,394,241,1788
6,1,2,0,9,425,158,574,6,159,423,576,423,159
6,1,2,1,190,425,339,574,187,340,423,576,423,340
6,1,2,2,370,425,519,574,368,521,423,576,423,520
6,1,2,3,552,425,701,574,550,702,423,576,423,702
6,1,2,4,733,425,882,574,730,883,423,576,423,883
6,1,2,5,914,425,1063,574,911,1064,423,576,423,1064
6,1,2,6,1095,425,1244,574,1092,1245,423,576,423,1245
6,1,2,7,1277,425,1426,574,1274,1427,423,576,423,1427
6,1,2,8,1457,425,1606,574,1454,1607,423,576,423,1607
6,1,2,9,1638,425,1787,574,1636,1789,423,576,423,1788
6,1,3,0,9,607,158,756,6,159,605,758,605,159
6,1,3,1,190,607,339,756,187,340,605,758,605,340
6,1,3,2,370,607,519,756,368,521,605,758,605,520
6,1,3,3,552,607,701,756,550,702,605,758,605,702
6,1,3,4,733,607,882,756,730,883,605,758,605,883
6,1,3,5,914,607,1063,756,911,1065,605,758,605,1064
6,1,3,6,1095,607,1244,756,1092,1245,605,758,605,1245
6,1,3,7,1277,607,1426,756,1274,1427,605,758,605,1427
6,1,3,8,1457,607,1606,756,1454,1607,605,758,605,1607
6,1,3,9,1638,607,1787,756,1636,1789,605,758,605,1788
6,1,4,0,9,789,158,938,6,159,787,939,787,159
6,1,4,1,190,789,339,938,187,340,787,939,787,340
6,1,4,2,370,789,519,938,368,521,787,939,787,520
6,1,4,3,552,789,701,938,550,702,787,939,787,702
6,1,4,4,733,789,882,938,730,883,787,939,787,883
6,1,4,5,914,789,1063,938,911,1064,787,939,787,1064
6,1,4,6,1095,789,1244,938,1092,1245,787,939,787,1245
6,1,4,7,1277,789,1426,938,1274,1427,787,939,787,1427
6,1,4,8,1457,789,1606,938,1454,1607,787,939,787,1607
6,1,4,9,1638,789,1787,938,1636,1789,787,939,787,1788
6,2,0,0,8,62,157,211,6,159,60,213,60,158
6,2,0,1,190,62,339,211,187,340,60,213,60,340
6,2,0,2,370,62,519,211,368,521,60,213,60,520
6,2,0,3,552,62,701,211,550,702,60,213,60,702
6,2,0,4,733,62,882,211,730,883,60,213,60,883
6,2,0,5,915,62,1064,211,912,1065,60,213,60,1065
6,2,0,6,1095,62,1244,211,1092,1245,60,213,60,1245
6,2,0,7,1277,62,1426,211,1274,1427,60,213,60,1427
6,2,0,8,1457,62,1606,211,1454,1607,60,213,60,1607
6,2,0,9,1639,62,1788,211,1636,1789,60,213,60,1789
6,2,1,0,9,244,158,393,6,159,241,395,242,159
6,2,1,1,190,244,339,393,187,340,241,395,242,340
6,2,1,2,370,244,519,393,368,521,241,395,242,520
6,2,1,3,552,244,701,393,550,702,241,395,242,702
6,2,1,4,733,244,882,393,730,883,241,395,242,883
6,2,1,5,915,244,1064,393,912,1065,241,395,242,1065
6,2,1,6,1095,244,1244,393,1092,1245,241,395,242,1245
6,2,1,7,1277,244,1426,393,1274,1427,241,395,242,1427
6,2,1,8,1457,244,1606,393,1454,1607,241,395,242,1607
6,2,1,9,1638,244,1787,393,1636,1789,241,395,242,1788
6,2,2,0,8,425,157,574,6,159,423,576,423,158
6,2,2,1,190,425,339,574,187,340,423,576,423,340
6,2,2,2,370,425,519,574,368,520,423,576,423,520
6,2,2,3,552,425,701,574,550,702,423,576,423,702
6,2,2,4,733,425,882,574,730,883,423,576,423,883
6,2,2,5,914,425,1063,574,911,1064,423,576,423,1064
6,2,2,6,1095,425,1244,574,1092,1245,423,576,423,1245
6,2,2,7,1277,425,1426,574,1274,1427,423,576,423,1427
6,2,2,8,1457,425,1606,574,1454,1607,423,576,423,1607
6,2,2,9,1638,425,1787,574,1636,1789,423,576,423,1788
6,2,3,0,8,607,157,756,6,159,605,758,605,158
6,2,3,1,190,607,339,756,187,340,605,758,605,340
6,2,3,2,370,607,519,756,368,520,605,758,605,520
6,2,3,3,552,607,701,756,550,702,605,758,605,702
6,2,3,4,733,607,882,756,730,883,605,758,605,883
6,2,3,5,914,607,1063,756,911,1064,605,758,605,1064
6,2,3,6,1095,607,1244,756,1092,1245,605,758,605,1245
6,2,3,7,1277,607,1426,756,1274,1427,605,758,605,1427
6,2,3,8,1457,607,1606,756,1454,1607,605,758,605,1607
6,2,3,9,1638,607,1787,756,1636,1789,605,758,605,1788
6,2,4,0,9,789,158,938,6,159,787,940,787,159
6,2,4,1,190,789,339,938,187,340,787,940,787,340
6,2,4,2,370,789,519,938,368,521,787,940,787,520
6,2,4,3,552,789,701,938,550,702,787,940,787,702
6,2,4,4,733,789,882,938,730,883,787,940,787,883
6,2,4,5,914,789,1063,938,911,1065,787,940,787,1064
6,2,4,6,1095,789,1244,938,1092,1245,787,940,787,1245
6,2,4,7,1277,789,1426,938,1274,1427,787,940,787,1427
6,2,4,8,1457,789,1606,938,1454,1607,787,940,787,1607
6,2,4,9,1638,789,1787,938,1636,1789,787,940,787,1788
7,1,0,0,10,72,159,221,8,161,70,223,70,160
7,1,0,1,192,72,341,221,190,342,70,223,70,342
7,1,0,2,371,72,520,221,369,522,70,223,70,521
7,1,0,3,553,72,702,221,550,703,70,223,70,703
7,1,0,4,732,72,881,221,730,883,70,223,70,882
7,1,0,5,914,72,1063,221,912,1064,70,223,70,1064
7,1,0,6,1093,72,1242,221,1091,1244,70,223,70,1243
7,1,0,7,1275,72,1424,221,1272,1425,70,223,70,1425
7,1,0,8,1455,72,1604,221,1452,1605,70,223,70,1605
7,1,0,9,1636,72,1785,221,1633,1786,70,223,70,1786
7,1,1,0,10,253,159,402,8,161,251,404,251,160
7,1,1,1,192,253,341,402,190,342,251,404,251,342
7,1,1,2,371,253,520,402,369,522,251,404,251,521
7,1,1,3,553,254,702,403,550,703,251,404,252,703
7,1,1,4,732,254,881,403,730,883,251,404,252,882
7,1,1,5,914,253,1063,402,911,1064,251,404,251,1064
7,1,1,6,1094,253,1243,402,1091,1244,251,404,251,1244
7,1,1,7,1275,253,1424,402,1272,1425,251,404,251,1425
7,1,1,8,1455,253,1604,402,1452,1605,251,404,251,1605
7,1,1,9,1636,253,1785,402,1633,1786,251,404,251,1786
7,1,2,0,10,435,159,584,8,161,433,586,433,160
7,1,2,1,192,435,341,584,190,342,433,586,433,342
7,1,2,2,371,435,520,584,369,522,433,586,433,521
7,1,2,3,553,435,702,584,551,703,433,586,433,703
7,1,2,4,732,435,881,584,730,883,433,586,433,882
7,1,2,5,914,435,1063,584,911,1064,433,586,433,1064
7,1,2,6,1094,435,1243,584,1091,1244,433,586,433,1244
7,1,2,7,1275,435,1424,584,1272,1425,433,586,433,1425
7,1,2,8,1455,435,1604,584,1452,1605,433,586,433,1605
7,1,2,9,1636,435,1785,584,1633,1786,433,586,433,1786
7,1,3,0,10,616,159,765,8,161,614,767,614,160
7,1,3,1,192,616,341,765,189,342,614,767,614,342
7,1,3,2,371,616,520,765,369,522,614,767,614,521
7,1,3,3,553,616,702,765,550,703,614,767,614,703
7,1,3,4,733,616,882,765,730,883,614,767,614,883
7,1,3,5,914,616,1063,765,911,1064,614,767,614,1064
7,1,3,6,1088,616,1237,765,1086,1238,614,767,614,1238
7,1,3,7,1275,616,1424,765,1272,1425,614,767,614,1425
7,1,3,8,1455,616,1604,765,1452,1605,614,767,614,1605
7,1,3,9,1636,616,1785,765,1633,1786,614,767,614,1786
7,1,4,0,10,797,159,946,8,161,795,947,795,160
7,1,4,1,192,797,341,946,190,342,795,947,795,342
7,1,4,2,371,797,520,946,369,522,795,947,795,521
7,1,4,3,553,797,702,946,551,703,795,947,795,703
7,1,4,4,733,797,882,946,730,883,795,947,795,883
7,1,4,5,914,797,1063,946,911,1064,795,947,795,1064
7,1,4,6,1094,797,1243,946,1091,1244,795,947,795,1244
7,1,4,7,1275,797,1424,946,1272,1425,795,947,795,1425
7,1,4,8,1455,797,1604,946,1452,1605,795,947,795,1605
7,1,4,9,1636,797,1785,946,1633,1786,795,947,795,1786
7,2,0,0,13,72,162,221,11,163,70,223,70,163
7,2,0,1,194,72,343,221,192,345,70,223,70,344
7,2,0,2,374,72,523,221,372,524,70,223,70,524
7,2,0,3,556,72,705,221,553,706,70,223,70,706
7,2,0,4,735,72,884,221,733,885,70,223,70,885
7,2,0,5,916,72,1065,221,914,1067,70,223,70,1066
7,2,0,6,1096,72,1245,221,1094,1246,70,223,70,1246
7,2,0,7,1277,72,1426,221,1275,1428,70,223,70,1427
7,2,0,8,1457,72,1606,221,1455,1607,70,223,70,1607
7,2,0,9,1638,72,1787,221,1636,1788,70,223,70,1788
7,2,1,0,13,253,162,402,11,163,251,404,251,163
7,2,1,1,194,254,343,403,192,345,251,404,252,344
7,2,1,2,374,253,523,402,372,524,251,404,251,524
7,2,1,3,556,253,705,402,553,706,251,404,251,706
7,2,1,4,735,254,884,403,733,885,251,404,252,885
7,2,1,5,917,254,1066,403,915,1067,251,404,252,1067
7,2,1,6,1096,253,1245,402,1094,1246,251,404,251,1246
7,2,1,7,1277,253,1426,402,1275,1428,251,404,251,1427
7,2,1,8,1457,253,1606,402,1455,1607,251,404,251,1607
7,2,1,9,1638,253,1787,402,1636,1788,251,404,251,1788
7,2,2,0,13,435,162,584,11,163,433,585,433,163
7,2,2,1,194,435,343,584,192,345,433,585,433,344
7,2,2,2,374,435,523,584,372,524,433,585,433,524
7,2,2,3,556,435,705,584,553,706,433,585,433,706
7,2,2,4,735,435,884,584,733,885,433,585,433,885
7,2,2,5,916,435,1065,584,914,1067,433,585,433,1066
7,2,2,6,1096,435,1245,584,1094,1246,433,585,433,1246
7,2,2,7,1277,435,1426,584,1275,1428,433,585,433,1427
7,2,2,8,1457,435,1606,584,1455,1607,433,585,433,1607
7,2,2,9,1638,435,1787,584,1636,1788,433,585,433,1788
7,2,3,0,13,616,162,765,11,163,614,766,614,163
7,2,3,1,194,616,343,765,192,345,614,766,614,344
7,2,3,2,374,616,523,765,372,524,614,766,614,524
7,2,3,3,556,616,705,765,553,706,614,766,614,706
7,2,3,4,735,616,884,765,733,885,614,766,614,885
7,2,3,5,916,616,1065,765,914,1067,614,766,614,1066
7,2,3,6,1096,616,1245,765,1094,1246,614,766,614,1246
7,2,3,7,1277,616,1426,765,1275,1428,614,766,614,1427
7,2,3,8,1457,616,1606,765,1455,1607,614,766,614,1607
7,2,3,9,1638,616,1787,765,1636,1788,614,766,614,1788
7,2,4,0,13,797,162,946,11,163,795,947,795,163
7,2,4,1,194,797,343,946,192,344,795,947,795,344
7,2,4,2,374,797,523,946,372,524,795,947,795,524
7,2,4,3,555,797,704,946,553,706,795,947,795,705
7,2,4,4,735,797,884,946,733,885,795,947,795,885
7,2,4,5,916,797,1065,946,914,1067,795,947,795,1066
7,2,4,6,1096,797,1245,946,1094,1246,795,947,795,1246
7,2,4,7,1277,797,1426,946,1275,1428,795,947,795,1427
7,2,4,8,1457,797,1606,946,1455,1607,795,947,795,1607
7,2,4,9,1638,797,1787,946,1636,1788,795,947,795,1788
8,1,0,0,16,67,165,216,14,166,65,217,65,166
8,1,0,1,196,67,345,216,194,346,65,217,65,346
8,1,0,2,376,67,525,216,373,526,65,217,65,526
8,1,0,3,556,67,705,216,554,706,65,217,65,706
8,1,0,4,735,67,884,216,733,885,65,217,65,885
8,1,0,5,916,67,1065,216,914,1066,65,217,65,1066
8,1,0,6,1095,67,1244,216,1093,1245,65,217,65,1245
8,1,0,7,1276,67,1425,216,1274,1426,65,217,65,1426
8,1,0,8,1455,67,1604,216,1453,1605,65,217,65,1605
8,1,0,9,1636,67,1785,216,1633,1786,65,217,65,1786
8,1,1,0,16,248,165,397,14,166,245,397,246,166
8,1,1,1,196,248,345,397,194,346,245,397,246,346
8,1,1,2,375,248,524,397,374,526,245,397,246,525
8,1,1,3,556,248,705,397,554,706,245,397,246,706
8,1,1,4,735,248,884,397,733,885,245,397,246,885
8,1,1,5,916,248,1065,397,914,1066,245,397,246,1066
8,1,1,6,1095,248,1244,397,1093,1245,245,397,246,1245
8,1,1,7,1276,248,1425,397,1274,1426,245,397,246,1426
8,1,1,8,1455,248,1604,397,1453,1605,245,397,246,1605
8,1,1,9,1636,248,1785,397,1633,1786,245,397,246,1786
8,1,2,0,16,429,165,578,14,166,426,578,427,166
8,1,2,1,196,429,345,578,194,346,426,578,427,346
8,1,2,2,375,429,524,578,374,526,426,578,427,525
8,1,2,3,556,429,705,578,554,706,426,578,427,706
8,1,2,4,735,429,884,578,733,885,426,578,427,885
8,1,2,5,916,429,1065,578,914,1066,426,578,427,1066
8,1,2,6,1095,429,1244,578,1093,1245,426,578,427,1245
8,1,2,7,1276,429,1425,578,1274,1426,426,578,427,1426
8,1,2,8,1455,429,1604,578,1453,1605,426,578,427,1605
8,1,2,9,1636,429,1785,578,1633,1786,426,578,427,1786
8,1,3,0,16,609,165,758,14,166,607,758,607,166
8,1,3,1,196,609,345,758,194,346,607,758,607,346
8,1,3,2,376,609,525,758,373,526,607,758,607,526
8,1,3,3,556,609,705,758,554,706,607,758,607,706
8,1,3,4,735,609,884,758,733,885,607,758,607,885
8,1,3,5,916,609,1065,758,914,1066,607,758,607,1066
8,1,3,6,1095,609,1244,758,1093,1245,607,758,607,1245
8,1,3,7,1276,609,1425,758,1274,1426,607,758,607,1426
8,1,3,8,1455,609,1604,758,1453,1605,607,758,607,1605
8,1,3,9,1636,609,1785,758,1633,1786,607,758,607,1786
8,1,4,0,16,789,165,938,14,166,787,939,787,166
8,1,4,1,196,789,345,938,194,346,787,939,787,346
8,1,4,2,375,789,524,938,373,526,787,939,787,525
8,1,4,3,556,789,705,938,554,706,787,939,787,706
8,1,4,4,735,789,884,938,733,885,787,939,787,885
8,1,4,5,916,789,1065,938,914,1067,787,939,787,1066
8,1,4,6,1095,789,1244,938,1093,1245,787,939,787,1245
8,1,4,7,1275,789,1424,938,1273,1425,787,939,787,1425
8,1,4,8,1455,789,1604,938,1453,1605,787,939,787,1605
8,1,4,9,1636,789,1785,938,1633,1786,787,939,787,1786
8,2,0,0,16,66,165,215,14,166,64,216,64,166
8,2,0,1,196,66,345,215,194,346,64,216,64,346
8,2,0,2,376,66,525,215,373,526,64,216,64,526
8,2,0,3,556,66,705,215,554,706,64,216,64,706
8,2,0,4,735,66,884,215,733,885,64,216,64,885
8,2,0,5,916,66,1065,215,914,1066,64,216,64,1066
8,2,0,6,1095,66,1244,215,1093,1245,64,216,64,1245
8,2,0,7,1275,66,1424,215,1273,1425,64,216,64,1425
8,2,0,8,1455,66,1604,215,1453,1605,64,216,64,1605
8,2,0,9,1636,66,1785,215,1633,1786,64,216,64,1786
8,2,1,0,15,247,164,396,14,166,245,397,245,165
8,2,1,1,196,247,345,396,194,346,245,397,245,346
8,2,1,2,376,247,525,396,373,526,245,397,245,526
8,2,1,3,556,247,705,396,554,706,245,397,245,706
8,2,1,4,735,247,884,396,733,885,245,397,245,885
8,2,1,5,916,247,1065,396,914,1066,245,397,245,1066
8,2,1,6,1095,247,1244,396,1093,1245,245,397,245,1245
8,2,1,7,1276,247,1425,396,1274,1426,245,397,245,1426
8,2,1,8,1455,247,1604,396,1453,1605,245,397,245,1605
8,2,1,9,1636,247,1785,396,1633,1786,245,397,245,1786
8,2,2,0,16,427,165,576,14,166,425,577,425,166
8,2,2,1,196,427,345,576,194,346,425,577,425,346
8,2,2,2,376,427,525,576,373,526,425,577,425,526
8,2,2,3,556,427,705,576,554,706,425,577,425,706
8,2,2,4,735,427,884,576,733,885,425,577,425,885
8,2,2,5,916,427,1065,576,914,1066,425,577,425,1066
8,2,2,6,1095,427,1244,576,1093,1245,425,577,425,1245
8,2,2,7,1276,427,1425,576,1274,1426,425,577,425,1426
8,2,2,8,1455,427,1604,576,1453,1605,425,577,425,1605
8,2,2,9,1636,427,1785,576,1633,1786,425,577,425,1786
8,2,3,0,16,608,165,757,14,166,606,758,606,166
8,2,3,1,196,608,345,757,194,346,606,758,606,346
8,2,3,2,376,608,525,757,373,526,606,758,606,526
8,2,3,3,556,608,705,757,554,706,606,758,606,706
8,2,3,4,735,608,884,757,733,885,606,758,606,885
8,2,3,5,916,608,1065,757,914,1066,606,758,606,1066
8,2,3,6,1095,608,1244,757,1093,1245,606,758,606,1245
8,2,3,7,1275,608,1424,757,1273,1425,606,758,606,1425
8,2,3,8,1455,608,1604,757,1453,1605,606,758,606,1605
8,2,3,9,1636,608,1785,757,1633,1786,606,758,606,1786
8,2,4,0,16,789,165,938,14,166,787,939,787,166
8,2,4,1,196,789,345,938,194,346,787,939,787,346
8,2,4,2,375,789,524,938,373,526,787,939,787,525
8,2,4,3,556,789,705,938,554,706,787,939,787,706
8,2,4,4,735,789,884,938,733,885,787,939,787,885
8,2,4,5,916,789,1065,938,914,1066,787,939,787,1066
8,2,4,6,1095,789,1244,938,1093,1245,787,939,787,1245
8,2,4,7,1276,789,1425,938,1274,1426,787,939,787,1426
8,2,4,8,1455,789,1604,938,1453,1605,787,939,787,1605
8,2,4,9,1635,789,1784,938,1633,1786,787,939,787,1785
9,1,0,0,13,75,162,224,11,163,73,225,73,163
9,1,0,1,194,75,343,224,192,344,73,225,73,344
9,1,0,2,374,75,523,224,371,524,73,225,73,524
9,1,0,3,555,75,704,224,552,705,73,225,73,705
9,1,0,4,734,75,883,224,732,884,73,225,73,884
9,1,0,5,915,75,1064,224,913,1065,73,225,73,1065
9,1,0,6,1095,75,1244,224,1093,1245,73,225,73,1245
9,1,0,7,1276,75,1425,224,1274,1426,73,225,73,1426
9,1,0,8,1456,75,1605,224,1453,1606,73,225,73,1606
9,1,0,9,1637,75,1786,224,1634,1787,73,225,73,1787
9,1,1,0,13,256,162,405,11,163,254,406,254,163
9,1,1,1,194,256,343,405,192,344,254,406,254,344
9,1,1,2,374,256,523,405,372,524,254,406,254,524
9,1,1,3,555,256,704,405,552,705,254,406,254,705
9,1,1,4,734,256,883,405,732,884,254,406,254,884
9,1,1,5,916,256,1065,405,914,1066,254,406,254,1066
9,1,1,6,1095,256,1244,405,1093,1245,254,406,254,1245
9,1,1,7,1276,256,1425,405,1274,1426,254,406,254,1426
9,1,1,8,1455,256,1604,405,1453,1606,254,406,254,1605
9,1,1,9,1636,256,1785,405,1634,1787,254,406,254,1786
9,1,2,0,13,437,162,586,11,163,435,587,435,163
9,1,2,1,194,437,343,586,192,344,435,587,435,344
9,1,2,2,374,437,523,586,372,524,435,587,435,524
9,1,2,3,555,437,704,586,552,705,435,587,435,705
9,1,2,4,734,437,883,586,732,884,435,587,435,884
9,1,2,5,915,437,1064,586,913,1065,435,587,435,1065
9,1,2,6,1095,437,1244,586,1093,1245,435,587,435,1245
9,1,2,7,1276,437,1425,586,1274,1426,435,587,435,1426
9,1,2,8,1456,437,1605,586,1453,1606,435,587,435,1606
9,1,2,9,1637,437,1786,586,1634,1787,435,587,435,1787
9,1,3,0,13,618,162,767,11,163,616,768,616,163
9,1,3,1,194,618,343,767,192,344,616,768,616,344
9,1,3,2,374,618,523,767,372,524,616,768,616,524
9,1,3,3,555,618,704,767,552,705,616,768,616,705
9,1,3,4,734,618,883,767,732,884,616,768,616,884
9,1,3,5,915,618,1064,767,913,1065,616,768,616,1065
9,1,3,6,1095,618,1244,767,1093,1245,616,768,616,1245
9,1,3,7,1276,618,1425,767,1274,1426,616,768,616,1426
9,1,3,8,1456,618,1605,767,1453,1606,616,768,616,1606
9,1,3,9,1636,618,1785,767,1634,1787,616,768,616,1786
9,1,4,0,13,799,162,948,11,163,797,949,797,163
9,1,4,1,194,799,343,948,192,344,797,949,797,344
9,1,4,2,374,799,523,948,372,524,797,949,797,524
9,1,4,3,555,799,704,948,552,705,797,949,797,705
9,1,4,4,734,799,883,948,732,884,797,949,797,884
9,1,4,5,915,799,1064,948,913,1065,797,949,797,1065
9,1,4,6,1095,799,1244,948,1093,1245,797,949,797,1245
9,1,4,7,1276,799,1425,948,1274,1426,797,949,797,1426
9,1,4,8,1456,799,1605,948,1453,1606,797,949,797,1606
9,1,4,9,1637,799,1786,948,1634,1787,797,949,797,1787
9,2,0,0,13,75,162,224,11,163,73,225,73,163
9,2,0,1,194,75,343,224,192,344,73,225,73,344
9,2,0,2,374,75,523,224,372,524,73,225,73,524
9,2,0,3,555,75,704,224,552,705,73,225,73,705
9,2,0,4,734,75,883,224,732,884,73,225,73,884
9,2,0,5,915,75,1064,224,913,1065,73,225,73,1065
9,2,0,6,1095,75,1244,224,1093,1245,73,225,73,1245
9,2,0,7,1276,75,1425,224,1274,1426,73,225,73,1426
9,2,0,8,1456,75,1605,224,1453,1606,73,225,73,1606
9,2,0,9,1636,75,1785,224,1634,1787,73,225,73,1786
9,2,1,0,13,256,162,405,11,163,254,406,254,163
9,2,1,1,194,256,343,405,192,344,254,406,254,344
9,2,1,2,374,256,523,405,371,524,254,406,254,524
9,2,1,3,555,256,704,405,552,705,254,406,254,705
9,2,1,4,734,256,883,405,732,884,254,406,254,884
9,2,1,5,915,256,1064,405,913,1065,254,406,254,1065
9,2,1,6,1095,256,1244,405,1093,1245,254,406,254,1245
9,2,1,7,1276,256,1425,405,1274,1426,254,406,254,1426
9,2,1,8,1456,256,1605,405,1453,1606,254,406,254,1606
9,2,1,9,1636,256,1785,405,1634,1787,254,406,254,1786
9,2,2,0,13,437,162,586,11,163,435,587,435,163
9,2,2,1,194,437,343,586,192,344,435,587,435,344
9,2,2,2,374,437,523,586,372,524,435,587,435,524
9,2,2,3,555,437,704,586,552,705,435,587,435,705
9,2,2,4,734,437,883,586,732,884,435,587,435,884
9,2,2,5,915,437,1064,586,913,1065,435,587,435,1065
9,2,2,6,1095,437,1244,586,1093,1245,435,587,435,1245
9,2,2,7,1276,437,1425,586,1274,1426,435,587,435,1426
9,2,2,8,1456,437,1605,586,1453,1606,435,587,435,1606
9,2,2,9,1636,437,1785,586,1634,1787,435,587,435,1786
9,2,3,0,13,618,162,767,11,163,616,768,616,163
9,2,3,1,194,618,343,767,192,344,616,768,616,344
9,2,3,2,374,618,523,767,372,524,616,768,616,524
9,2,3,3,555,618,704,767,552,705,616,768,616,705
9,2,3,4,734,618,883,767,732,884,616,768,616,884
9,2,3,5,915,618,1064,767,913,1065,616,768,616,1065
9,2,3,6,1095,618,1244,767,1093,1245,616,768,616,1245
9,2,3,7,1276,618,1425,767,1274,1426,616,768,616,1426
9,2,3,8,1456,618,1605,767,1453,1606,616,768,616,1606
9,2,3,9,1637,618,1786,767,1634,1787,616,768,616,1787
9,2,4,0,13,799,162,948,11,163,797,949,797,163
9,2,4,1,194,799,343,948,192,344,797,949,797,344
9,2,4,2,374,799,523,948,371,524,797,949,797,524
9,2,4,3,555,799,704,948,552,705,797,949,797,705
9,2,4,4,734,799,883,948,732,884,797,949,797,884
9,2,4,5,915,799,1064,948,913,1065,797,949,797,1065
9,2,4,6,1095,799,1244,948,1093,1245,797,949,797,1245
9,2,4,7,1276,799,1425,948,1274,1426,797,949,797,1426
9,2,4,8,1456,799,1605,948,1453,1606,797,949,797,1606
9,2,4,9,1637,799,1786,948,1634,1787,797,949,797,1787
10,1,0,0,18,82,167,231,16,168,79,231,80,168
10,1,0,1,198,82,347,231,196,348,79,231,80,348
10,1,0,2,377,82,526,231,375,527,79,231,80,527
10,1,0,3,557,82,706,231,555,707,79,231,80,707
10,1,0,4,736,82,885,231,734,886,79,231,80,886
10,1,0,5,916,82,1065,231,914,1066,79,231,80,1066
10,1,0,6,1095,82,1244,231,1093,1245,79,231,80,1245
10,1,0,7,1275,82,1424,231,1273,1425,79,231,80,1425
10,1,0,8,1454,82,1603,231,1452,1604,79,231,80,1604
10,1,0,9,1634,82,1783,231,1632,1784,79,231,80,1784
10,1,1,0,18,262,167,411,16,168,260,411,260,168
10,1,1,1,198,262,347,411,196,348,260,411,260,348
10,1,1,2,377,262,526,411,375,527,260,411,260,527
10,1,1,3,557,262,706,411,555,707,260,411,260,707
10,1,1,4,736,262,885,411,734,886,260,411,260,886
10,1,1,5,916,262,1065,411,914,1066,260,411,260,1066
10,1,1,6,1095,262,1244,411,1093,1245,260,411,260,1245
10,1,1,7,1275,262,1424,411,1273,1425,260,411,260,1425
10,1,1,8,1454,262,1603,411,1452,1604,260,411,260,1604
10,1,1,9,1634,262,1783,411,1632,1784,260,411,260,1784
10,1,2,0,18,442,167,591,16,168,440,591,440,168
10,1,2,1,198,442,347,591,196,348,440,591,440,348
10,1,2,2,377,442,526,591,375,527,440,591,440,527
10,1,2,3,557,442,706,591,555,707,440,591,440,707
10,1,2,4,736,442,885,591,734,886,440,591,440,886
10,1,2,5,916,442,1065,591,914,1066,440,591,440,1066
10,1,2,6,1095,442,1244,591,1093,1245,440,591,440,1245
10,1,2,7,1275,442,1424,591,1273,1425,440,591,440,1425
10,1,2,8,1454,442,1603,591,1452,1604,440,591,440,1604
10,1,2,9,1634,442,1783,591,1632,1784,440,591,440,1784
10,1,3,0,18,622,167,771,16,168,620,772,620,168
10,1,3,1,198,622,347,771,196,348,620,772,620,348
10,1,3,2,377,622,526,771,375,527,620,772,620,527
10,1,3,3,557,622,706,771,555,707,620,772,620,707
10,1,3,4,736,622,885,771,734,886,620,772,620,886
10,1,3,5,916,622,1065,771,914,1066,620,772,620,1066
10,1,3,6,1095,622,1244,771,1093,1245,620,772,620,1245
10,1,3,7,1275,622,1424,771,1273,1425,620,772,620,1425
10,1,3,8,1454,622,1603,771,1452,1604,620,772,620,1604
10,1,3,9,1634,622,1783,771,1632,1784,620,772,620,1784
10,1,4,0,18,802,167,951,16,168,800,952,800,168
10,1,4,1,198,802,347,951,196,348,800,952,800,348
10,1,4,2,377,802,526,951,375,527,800,952,800,527
10,1,4,3,557,802,706,951,555,707,800,952,800,707
10,1,4,4,736,802,885,951,734,886,800,952,800,886
10,1,4,5,916,802,1065,951,914,1066,800,952,800,1066
10,1,4,6,1095,802,1244,951,1093,1245,800,952,800,1245
10,1,4,7,1275,802,1424,951,1273,1425,800,952,800,1425
10,1,4,8,1454,802,1603,951,1452,1604,800,952,800,1604
10,1,4,9,1634,802,1783,951,1632,1784,800,952,800,1784
10,2,0,0,18,81,167,230,16,168,79,231,79,168
10,2,0,1,198,81,347,230,196,348,79,231,79,348
10,2,0,2,377,81,526,230,375,527,79,231,79,527
10,2,0,3,557,81,706,230,555,707,79,231,79,707
10,2,0,4,736,81,885,230,734,886,79,231,79,886
10,2,0,5,916,81,1065,230,914,1066,79,231,79,1066
10,2,0,6,1095,81,1244,230,1093,1245,79,231,79,1245
10,2,0,7,1275,81,1424,230,1273,1425,79,231,79,1425
10,2,0,8,1454,81,1603,230,1452,1604,79,231,79,1604
10,2,0,9,1634,81,1783,230,1632,1784,79,231,79,1784
10,2,1,0,18,261,167,410,16,168,259,411,259,168
10,2,1,1,198,261,347,410,196,348,259,411,259,348
10,2,1,2,377,261,526,410,375,527,259,411,259,527
10,2,1,3,557,261,706,410,555,707,259,411,259,707
10,2,1,4,736,261,885,410,734,886,259,411,259,886
10,2,1,5,916,261,1065,410,914,1066,259,411,259,1066
10,2,1,6,1095,261,1244,410,1093,1245,259,411,259,1245
10,2,1,7,1275,261,1424,410,1273,1425,259,411,259,1425
10,2,1,8,1454,261,1603,410,1452,1604,259,411,259,1604
10,2,1,9,1634,261,1783,410,1632,1784,259,411,259,1784
10,2,2,0,18,441,167,590,16,168,439,591,439,168
10,2,2,1,198,441,347,590,196,348,439,591,439,348
10,2,2,2,377,441,526,590,375,527,439,591,439,527
10,2,2,3,557,441,706,590,555,707,439,591,439,707
10,2,2,4,736,441,885,590,734,886,439,591,439,886
10,2,2,5,916,441,1065,590,914,1066,439,591,439,1066
10,2,2,6,1095,441,1244,590,1093,1245,439,591,439,1245
10,2,2,7,1275,441,1424,590,1273,1425,439,591,439,1425
10,2,2,8,1454,441,1603,590,1452,1604,439,591,439,1604
10,2,2,9,1634,441,1783,590,1632,1784,439,591,439,1784
10,2,3,0,18,621,167,770,16,168,619,771,619,168
10,2,3,1,198,622,347,771,196,348,619,771,620,348
10,2,3,2,377,622,526,771,375,527,619,771,620,527
10,2,3,3,557,622,706,771,555,707,619,771,620,707
10,2,3,4,736,622,885,771,734,886,619,771,620,886
10,2,3,5,916,621,1065,770,914,1066,619,771,619,1066
10,2,3,6,1095,621,1244,770,1093,1245,619,771,619,1245
10,2,3,7,1275,621,1424,770,1273,1425,619,771,619,1425
10,2,3,8,1454,621,1603,770,1452,1604,619,771,619,1604
10,2,3,9,1634,621,1783,770,1632,1784,619,771,619,1784
10,2,4,0,18,802,167,951,16,168,800,951,800,168
10,2,4,1,198,802,347,951,196,348,800,951,800,348
10,2,4,2,377,802,526,951,375,527,800,951,800,527
10,2,4,3,557,802,706,951,555,707,800,951,800,707
10,2,4,4,736,802,885,951,734,886,800,951,800,886
10,2,4,5,916,802,1065,951,914,1066,800,951,800,1066
10,2,4,6,1095,802,1244,951,1093,1245,800,951,800,1245
10,2,4,7,1275,802,1424,951,1273,1425,800,951,800,1425
10,2,4,8,1454,802,1603,951,1452,1604,800,951,800,1604
10,2,4,9,1634,802,1783,951,1632,1784,800,951,800,1784
11,1,0,0,10,71,159,220,8,160,69,222,69,160
11,1,0,1,191,71,340,220,189,341,69,222,69,341
11,1,0,2,371,71,520,220,369,521,69,222,69,521
11,1,0,3,553,71,702,220,550,703,69,222,69,703
11,1,0,4,733,71,882,220,731,883,69,222,69,883
11,1,0,5,914,71,1063,220,912,1064,69,222,69,1064
11,1,0,6,1094,71,1243,220,1092,1244,69,222,69,1244
11,1,0,7,1276,71,1425,220,1273,1426,69,222,69,1426
11,1,0,8,1456,71,1605,220,1453,1606,69,222,69,1606
11,1,0,9,1637,71,1786,220,1635,1787,69,222,69,1787
11,1,1,0,10,253,159,402,8,160,251,404,251,160
11,1,1,1,191,253,340,402,189,341,251,404,251,341
11,1,1,2,371,253,520,402,369,521,251,404,251,521
11,1,1,3,553,253,702,402,550,703,251,404,251,703
11,1,1,4,733,253,882,402,730,883,251,404,251,883
11,1,1,5,914,253,1063,402,912,1064,251,404,251,1064
11,1,1,6,1094,253,1243,402,1092,1244,251,404,251,1244
11,1,1,7,1276,253,1425,402,1273,1426,251,404,251,1426
11,1,1,8,1456,253,1605,402,1453,1606,251,404,251,1606
11,1,1,9,1637,253,1786,402,1635,1787,251,404,251,1787
11,1,2,0,10,434,159,583,8,160,432,585,432,160
11,1,2,1,191,434,340,583,189,341,432,585,432,341
11,1,2,2,371,434,520,583,369,521,432,585,432,521
11,1,2,3,553,434,702,583,550,703,432,585,432,703
11,1,2,4,733,434,882,583,731,883,432,585,432,883
11,1,2,5,914,434,1063,583,912,1064,432,585,432,1064
11,1,2,6,1094,434,1243,583,1092,1244,432,585,432,1244
11,1,2,7,1276,434,1425,583,1273,1426,432,585,432,1426
11,1,2,8,1456,434,1605,583,1453,1606,432,585,432,1606
11,1,2,9,1637,434,1786,583,1635,1787,432,585,432,1787
11,1,3,0,10,616,159,765,8,160,614,766,614,160
11,1,3,1,191,616,340,765,189,341,614,766,614,341
11,1,3,2,371,616,520,765,369,521,614,766,614,521
11,1,3,3,553,616,702,765,550,703,614,766,614,703
11,1,3,4,733,616,882,765,730,883,614,766,614,883
11,1,3,5,914,616,1063,765,912,1064,614,766,614,1064
11,1,3,6,1094,616,1243,765,1092,1244,614,766,614,1244
11,1,3,7,1276,616,1425,765,1273,1426,614,766,614,1426
11,1,3,8,1456,616,1605,765,1453,1606,614,766,614,1606
11,1,3,9,1637,616,1786,765,1635,1787,614,766,614,1787
11,1,4,0,10,797,159,946,8,160,795,948,795,160
11,1,4,1,191,797,340,946,189,341,795,948,795,341
11,1,4,2,371,797,520,946,369,521,795,948,795,521
11,1,4,3,553,797,702,946,550,703,795,948,795,703
11,1,4,4,733,797,882,946,730,883,795,948,795,883
11,1,4,5,914,797,1063,946,912,1064,795,948,795,1064
11,1,4,6,1094,797,1243,946,1092,1244,795,948,795,1244
11,1,4,7,1276,797,1425,946,1273,1426,795,948,795,1426
11,1,4,8,1456,797,1605,946,1453,1606,795,948,795,1606
11,1,4,9,1637,797,1786,946,1635,1787,795,948,795,1787
11,2,0,0,14,72,163,221,11,164,70,223,70,164
11,2,0,1,195,72,344,221,192,345,70,223,70,345
11,2,0,2,375,72,524,221,372,525,70,223,70,525
11,2,0,3,556,72,705,221,554,707,70,223,70,706
11,2,0,4,737,72,886,221,734,887,70,223,70,887
11,2,0,5,918,72,1067,221,915,1068,70,223,70,1068
11,2,0,6,1098,72,1247,221,1095,1248,70,223,70,1248
11,2,0,7,1279,72,1428,221,1277,1429,70,223,70,1429
11,2,0,8,1459,72,1608,221,1457,1609,70,223,70,1609
11,2,0,9,1641,72,1790,221,1638,1791,70,223,70,1791
11,2,1,0,14,253,163,402,11,164,251,404,251,164
11,2,1,1,195,253,344,402,192,345,251,404,251,345
11,2,1,2,375,253,524,402,372,525,251,404,251,525
11,2,1,3,556,253,705,402,554,707,251,404,251,706
11,2,1,4,737,253,886,402,734,887,251,404,251,887
11,2,1,5,918,253,1067,402,915,1068,251,404,251,1068
11,2,1,6,1098,253,1247,402,1095,1248,251,404,251,1248
11,2,1,7,1279,253,1428,402,1277,1429,251,404,251,1429
11,2,1,8,1459,253,1608,402,1457,1609,251,404,251,1609
11,2,1,9,1641,253,1790,402,1638,1791,251,404,251,1791
11,2,2,0,14,435,163,584,11,164,433,585,433,164
11,2,2,1,195,435,344,584,192,345,433,585,433,345
11,2,2,2,375,435,524,584,372,525,433,585,433,525
11,2,2,3,556,435,705,584,554,707,433,585,433,706
11,2,2,4,737,435,886,584,734,887,433,585,433,887
11,2,2,5,918,435,1067,584,915,1068,433,585,433,1068
11,2,2,6,1098,435,1247,584,1095,1248,433,585,433,1248
11,2,2,7,1279,435,1428,584,1277,1429,433,585,433,1429
11,2,2,8,1459,435,1608,584,1457,1609,433,585,433,1609
11,2,2,9,1641,435,1790,584,1638,1791,433,585,433,1791
11,2,3,0,14,616,163,765,11,164,614,767,614,164
11,2,3,1,195,616,344,765,192,345,614,767,614,345
11,2,3,2,375,616,524,765,372,525,614,767,614,525
11,2,3,3,556,616,705,765,554,707,614,767,614,706
11,2,3,4,737,616,886,765,734,887,614,767,614,887
11,2,3,5,918,616,1067,765,915,1068,614,767,614,1068
11,2,3,6,1098,616,1247,765,1095,1248,614,767,614,1248
11,2,3,7,1279,616,1428,765,1277,1429,614,767,614,1429
11,2,3,8,1459,616,1608,765,1457,1609,614,767,614,1609
11,2,3,9,1641,616,1790,765,1638,1791,614,767,614,1791
11,2,4,0,14,798,163,947,11,164,796,948,796,164
11,2,4,1,195,798,344,947,192,345,796,948,796,345
11,2,4,2,375,798,524,947,372,525,796,948,796,525
11,2,4,3,556,798,705,947,554,707,796,948,796,706
11,2,4,4,737,798,886,947,734,887,796,948,796,887
11,2,4,5,918,798,1067,947,915,1068,796,948,796,1068
11,2,4,6,1098,798,1247,947,1095,1248,796,948,796,1248
11,2,4,7,1279,798,1428,947,1277,1429,796,948,796,1429
11,2,4,8,1459,798,1608,947,1457,1609,796,948,796,1609
11,2,4,9,1641,798,1790,947,1638,1791,796,948,796,1791
12,1,0,0,10,59,159,208,8,160,57,210,57,160
12,1,0,1,192,59,341,208,189,342,57,210,57,342
12,1,0,2,373,59,522,208,370,523,57,210,57,523
12,1,0,3,554,59,703,208,551,705,57,210,57,704
12,1,0,4,735,59,884,208,732,885,57,210,57,885
12,1,0,5,917,59,1066,208,914,1067,57,210,57,1067
12,1,0,6,1098,59,1247,208,1094,1248,57,210,57,1248
12,1,0,7,1279,59,1428,208,1276,1429,57,210,57,1429
12,1,0,8,1459,59,1608,208,1457,1610,57,210,57,1609
12,1,0,9,1641,59,1790,208,1639,1791,57,210,57,1791
12,1,1,0,10,241,159,390,8,160,238,392,239,160
12,1,1,1,192,241,341,390,189,342,238,392,239,342
12,1,1,2,373,241,522,390,370,523,238,392,239,523
12,1,1,3,554,241,703,390,551,704,238,392,239,704
12,1,1,4,735,241,884,390,732,885,238,392,239,885
12,1,1,5,917,241,1066,390,914,1067,238,392,239,1067
12,1,1,6,1097,241,1246,390,1094,1248,238,392,239,1247
12,1,1,7,1279,241,1428,390,1276,1429,238,392,239,1429
12,1,1,8,1460,241,1609,390,1457,1610,238,392,239,1610
12,1,1,9,1641,241,1790,390,1639,1791,238,392,239,1791
12,1,2,0,10,422,159,571,8,160,420,574,420,160
12,1,2,1,192,422,341,571,189,342,420,574,420,342
12,1,2,2,373,422,522,571,370,523,420,574,420,523
12,1,2,3,554,422,703,571,551,705,420,574,420,704
12,1,2,4,735,422,884,571,732,885,420,574,420,885
12,1,2,5,917,422,1066,571,914,1067,420,574,420,1067
12,1,2,6,1097,422,1246,571,1094,1248,420,574,420,1247
12,1,2,7,1279,422,1428,571,1276,1429,420,574,420,1429
12,1,2,8,1459,422,1608,571,1457,1610,420,574,420,1609
12,1,2,9,1641,422,1790,571,1639,1791,420,574,420,1791
12,1,3,0,10,604,159,753,8,160,602,756,602,160
12,1,3,1,192,604,341,753,189,342,602,756,602,342
12,1,3,2,373,604,522,753,370,523,602,756,602,523
12,1,3,3,554,604,703,753,551,705,602,756,602,704
12,1,3,4,735,604,884,753,732,885,602,756,602,885
12,1,3,5,917,604,1066,753,914,1067,602,756,602,1067
12,1,3,6,1097,604,1246,753,1094,1248,602,756,602,1247
12,1,3,7,1279,604,1428,753,1276,1429,602,756,602,1429
12,1,3,8,1459,604,1608,753,1457,1610,602,756,602,1609
12,1,3,9,1641,604,1790,753,1639,1791,602,756,602,1791
12,1,4,0,10,786,159,935,8,160,784,937,784,160
12,1,4,1,192,786,341,935,189,342,784,937,784,342
12,1,4,2,373,786,522,935,370,523,784,937,784,523
12,1,4,3,554,786,703,935,551,704,784,937,784,704
12,1,4,4,735,786,884,935,732,885,784,937,784,885
12,1,4,5,917,786,1066,935,914,1067,784,937,784,1067
12,1,4,6,1097,786,1246,935,1094,1248,784,937,784,1247
12,1,4,7,1279,786,1428,935,1276,1429,784,937,784,1429
12,1,4,8,1460,786,1609,935,1457,1610,784,937,784,1610
12,1,4,9,1641,786,1790,935,1639,1791,784,937,784,1791
12,2,0,0,10,59,159,208,8,160,56,210,57,160
12,2,0,1,192,59,341,208,189,342,56,210,57,342
12,2,0,2,373,59,522,208,370,523,56,210,57,523
12,2,0,3,554,59,703,208,551,705,56,210,57,704
12,2,0,4,735,59,884,208,732,885,56,210,57,885
12,2,0,5,917,59,1066,208,914,1067,56,210,57,1067
12,2,0,6,1097,59,1246,208,1094,1248,56,210,57,1247
12,2,0,7,1279,59,1428,208,1276,1429,56,210,57,1429
12,2,0,8,1460,59,1609,208,1457,1610,56,210,57,1610
12,2,0,9,1641,59,1790,208,1639,1791,56,210,57,1791
12,2,1,0,10,240,159,389,8,160,238,391,238,160
12,2,1,1,192,240,341,389,189,342,238,391,238,342
12,2,1,2,373,240,522,389,370,523,238,391,238,523
12,2,1,3,554,240,703,389,551,704,238,391,238,704
12,2,1,4,735,240,884,389,732,885,238,391,238,885
12,2,1,5,917,240,1066,389,914,1067,238,391,238,1067
12,2,1,6,1097,240,1246,389,1094,1248,238,391,238,1247
12,2,1,7,1279,240,1428,389,1276,1429,238,391,238,1429
12,2,1,8,1459,240,1608,389,1457,1610,238,391,238,1609
12,2,1,9,1641,240,1790,389,1639,1791,238,391,238,1791
12,2,2,0,10,422,159,571,8,160,420,573,420,160
12,2,2,1,192,422,341,571,189,342,420,573,420,342
12,2,2,2,373,422,522,571,370,523,420,573,420,523
12,2,2,3,554,422,703,571,551,705,420,573,420,704
12,2,2,4,735,422,884,571,732,885,420,573,420,885
12,2,2,5,917,422,1066,571,914,1067,420,573,420,1067
12,2,2,6,1097,422,1246,571,1094,1248,420,573,420,1247
12,2,2,7,1279,422,1428,571,1276,1429,420,573,420,1429
12,2,2,8,1459,422,1608,571,1457,1610,420,573,420,1609
12,2,2,9,1641,422,1790,571,1639,1791,420,573,420,1791
12,2,3,0,10,604,159,753,8,160,602,755,602,160
12,2,3,1,192,604,341,753,189,342,602,755,602,342
12,2,3,2,373,604,522,753,370,523,602,755,602,523
12,2,3,3,554,604,703,753,551,705,602,755,602,704
12,2,3,4,735,604,884,753,732,885,602,755,602,885
12,2,3,5,917,604,1066,753,914,1067,602,755,602,1067
12,2,3,6,1097,604,1246,753,1094,1248,602,755,602,1247
12,2,3,7,1279,604,1428,753,1276,1429,602,755,602,1429
12,2,3,8,1459,604,1608,753,1457,1610,602,755,602,1609
12,2,3,9,1641,604,1790,753,1639,1791,602,755,602,1791
12,2,4,0,10,786,159,935,8,160,784,937,784,160
12,2,4,1,192,786,341,935,189,342,784,937,784,342
12,2,4,2,373,786,522,935,370,523,784,937,784,523
12,2,4,3,554,786,703,935,551,704,784,937,784,704
12,2,4,4,735,786,884,935,732,885,784,937,784,885
12,2,4,5,917,786,1066,935,914,1068,784,937,784,1067
12,2,4,6,1097,786,1246,935,1094,1248,784,937,784,1247
12,2,4,7,1279,786,1428,935,1276,1429,784,937,784,1429
12,2,4,8,1460,786,1609,935,1457,1610,784,937,784,1610
12,2,4,9,1641,786,1790,935,1639,1791,784,937,784,1791
13,1,0,0,12,72,161,221,10,162,70,222,70,162
13,1,0,1,193,72,342,221,191,343,70,222,70,343
13,1,0,2,373,72,522,221,371,523,70,222,70,523
13,1,0,3,555,72,704,221,552,705,70,222,70,705
13,1,0,4,735,72,884,221,732,885,70,222,70,885
13,1,0,5,916,72,1065,221,913,1066,70,222,70,1066
13,1,0,6,1096,72,1245,221,1093,1246,70,222,70,1246
13,1,0,7,1277,72,1426,221,1275,1427,70,222,70,1427
13,1,0,8,1457,72,1606,221,1455,1607,70,222,70,1607
13,1,0,9,1638,72,1787,221,1636,1788,70,222,70,1788
13,1,1,0,12,253,161,402,10,162,251,404,251,162
13,1,1,1,193,253,342,402,191,343,251,404,251,343
13,1,1,2,373,253,522,402,371,523,251,404,251,523
13,1,1,3,555,253,704,402,552,705,251,404,251,705
13,1,1,4,735,253,884,402,732,885,251,404,251,885
13,1,1,5,916,253,1065,402,913,1066,251,404,251,1066
13,1,1,6,1096,253,1245,402,1093,1246,251,404,251,1246
13,1,1,7,1277,253,1426,402,1275,1427,251,404,251,1427
13,1,1,8,1457,253,1606,402,1454,1607,251,404,251,1607
13,1,1,9,1638,253,1787,402,1636,1788,251,404,251,1788
13,1,2,0,12,434,161,583,10,162,432,585,432,162
13,1,2,1,193,434,342,583,191,343,432,585,432,343
13,1,2,2,373,434,522,583,371,523,432,585,432,523
13,1,2,3,555,434,704,583,552,705,432,585,432,705
13,1,2,4,735,434,884,583,732,885,432,585,432,885
13,1,2,5,916,434,1065,583,913,1066,432,585,432,1066
13,1,2,6,1096,434,1245,583,1093,1246,432,585,432,1246
13,1,2,7,1277,434,1426,583,1275,1427,432,585,432,1427
13,1,2,8,1457,434,1606,583,1455,1607,432,585,432,1607
13,1,2,9,1638,434,1787,583,1636,1788,432,585,432,1788
13,1,3,0,12,616,161,765,10,162,614,766,614,162
13,1,3,1,193,616,342,765,191,343,614,766,614,343
13,1,3,2,373,616,522,765,371,523,614,766,614,523
13,1,3,3,555,616,704,765,552,705,614,766,614,705
13,1,3,4,735,616,884,765,732,885,614,766,614,885
13,1,3,5,916,616,1065,765,913,1066,614,766,614,1066
13,1,3,6,1096,616,1245,765,1093,1246,614,766,614,1246
13,1,3,7,1277,616,1426,765,1275,1427,614,766,614,1427
13,1,3,8,1457,616,1606,765,1455,1607,614,766,614,1607
13,1,3,9,1638,616,1787,765,1636,1788,614,766,614,1788
13,1,4,0,12,797,161,946,10,162,795,947,795,162
13,1,4,1,193,797,342,946,191,343,795,947,795,343
13,1,4,2,373,797,522,946,371,523,795,947,795,523
13,1,4,3,555,797,704,946,552,705,795,947,795,705
13,1,4,4,735,797,884,946,732,885,795,947,795,885
13,1,4,5,916,797,1065,946,913,1066,795,947,795,1066
13,1,4,6,1096,797,1245,946,1093,1246,795,947,795,1246
13,1,4,7,1277,797,1426,946,1275,1427,795,947,795,1427
13,1,4,8,1457,797,1606,946,1454,1607,795,947,795,1607
13,1,4,9,1638,797,1787,946,1636,1788,795,947,795,1788
13,2,0,0,12,72,161,221,10,162,70,223,70,162
13,2,0,1,193,72,342,221,191,343,70,223,70,343
13,2,0,2,373,72,522,221,371,523,70,223,70,523
13,2,0,3,555,72,704,221,552,705,70,223,70,705
13,2,0,4,735,72,884,221,732,885,70,223,70,885
13,2,0,5,916,72,1065,221,913,1066,70,223,70,1066
13,2,0,6,1096,72,1245,221,1093,1246,70,223,70,1246
13,2,0,7,1277,72,1426,221,1275,1427,70,223,70,1427
13,2,0,8,1457,72,1606,221,1454,1607,70,223,70,1607
13,2,0,9,1638,72,1787,221,1636,1788,70,223,70,1788
13,2,1,0,12,254,161,403,10,162,252,405,252,162
13,2,1,1,193,254,342,403,191,343,252,405,252,343
13,2,1,2,373,254,522,403,371,523,252,405,252,523
13,2,1,3,555,254,704,403,552,705,252,405,252,705
13,2,1,4,735,254,884,403,732,885,252,405,252,885
13,2,1,5,916,254,1065,403,913,1066,252,405,252,1066
13,2,1,6,1096,254,1245,403,1093,1246,252,405,252,1246
13,2,1,7,1277,254,1426,403,1275,1427,252,405,252,1427
13,2,1,8,1457,254,1606,403,1454,1607,252,405,252,1607
13,2,1,9,1638,254,1787,403,1636,1788,252,405,252,1788
13,2,2,0,12,435,161,584,10,162,433,585,433,162
13,2,2,1,193,435,342,584,191,343,433,585,433,343
13,2,2,2,373,435,522,584,371,523,433,585,433,523
13,2,2,3,555,435,704,584,552,705,433,585,433,705
13,2,2,4,735,435,884,584,732,885,433,585,433,885
13,2,2,5,916,435,1065,584,913,1066,433,585,433,1066
13,2,2,6,1096,435,1245,584,1093,1246,433,585,433,1246
13,2,2,7,1277,435,1426,584,1275,1427,433,585,433,1427
13,2,2,8,1457,435,1606,584,1455,1607,433,585,433,1607
13,2,2,9,1638,435,1787,584,1636,1788,433,585,433,1788
13,2,3,0,12,616,161,765,10,162,614,767,614,162
13,2,3,1,193,616,342,765,191,343,614,767,614,343
13,2,3,2,373,616,522,765,371,523,614,767,614,523
13,2,3,3,555,616,704,765,552,705,614,767,614,705
13,2,3,4,735,616,884,765,732,885,614,767,614,885
13,2,3,5,916,616,1065,765,913,1066,614,767,614,1066
13,2,3,6,1096,616,1245,765,1093,1246,614,767,614,1246
13,2,3,7,1277,616,1426,765,1274,1427,614,767,614,1427
13,2,3,8,1457,616,1606,765,1454,1607,614,767,614,1607
13,2,3,9,1638,616,1787,765,1636,1788,614,767,614,1788
13,2,4,0,12,798,161,947,10,162,795,948,796,162
13,2,4,1,193,798,342,947,191,343,795,948,796,343
13,2,4,2,373,798,522,947,371,523,795,948,796,523
13,2,4,3,555,798,704,947,552,705,795,948,796,705
13,2,4,4,735,798,884,947,732,885,795,948,796,885
13,2,4,5,916,798,1065,947,913,1066,795,948,796,1066
13,2,4,6,1096,798,1245,947,1093,1246,795,948,796,1246
13,2,4,7,1277,798,1426,947,1275,1427,795,948,796,1427
13,2,4,8,1457,798,1606,947,1454,1607,795,948,796,1607
13,2,4,9,1638,798,1787,947,1636,1788,795,948,796,1788
14,1,0,0,14,67,163,216,13,164,65,215,65,164
14,1,0,1,194,67,343,216,195,344,65,215,65,344
14,1,0,2,373,67,522,216,372,523,65,215,65,523
14,1,0,3,553,67,702,216,552,703,65,215,65,703
14,1,0,4,732,67,881,216,731,882,65,215,65,882
14,1,0,5,912,67,1061,216,911,1062,65,215,65,1062
14,1,0,6,1091,67,1240,216,1090,1241,65,215,65,1241
14,1,0,7,1271,67,1420,216,1270,1419,65,215,65,1421
14,1,0,8,1450,67,1599,216,1449,1600,65,215,65,1600
14,1,0,9,1630,67,1779,216,1629,1778,65,215,65,1780
14,1,1,0,14,246,163,395,13,164,244,396,244,164
14,1,1,1,194,246,343,395,192,344,244,396,244,344
14,1,1,2,373,246,522,395,372,523,244,396,244,523
14,1,1,3,553,246,702,395,552,703,244,396,244,703
14,1,1,4,732,246,881,395,731,882,244,396,244,882
14,1,1,5,912,246,1061,395,911,1062,244,396,244,1062
14,1,1,6,1091,246,1240,395,1090,1241,244,396,244,1241
14,1,1,7,1271,246,1420,395,1270,1421,244,396,244,1421
14,1,1,8,1450,246,1599,395,1449,1600,244,396,244,1600
14,1,1,9,1630,246,1779,395,1629,1780,244,396,244,1780
14,1,2,0,14,427,163,576,13,164,424,576,425,164
14,1,2,1,194,427,343,576,193,344,424,576,425,344
14,1,2,2,373,427,522,576,372,523,424,576,425,523
14,1,2,3,553,427,702,576,552,703,424,576,425,703
14,1,2,4,732,427,881,576,731,882,424,576,425,882
14,1,2,5,912,427,1061,576,911,1062,424,576,425,1062
14,1,2,6,1091,427,1240,576,1090,1241,424,576,425,1241
14,1,2,7,1271,427,1420,576,1270,1421,424,576,425,1421
14,1,2,8,1450,427,1599,576,1449,1600,424,576,425,1600
14,1,2,9,1630,427,1779,576,1629,1780,424,576,425,1780
14,1,3,0,14,607,163,756,13,164,605,757,605,164
14,1,3,1,194,607,343,756,193,344,605,757,605,344
14,1,3,2,373,607,522,756,372,523,605,757,605,523
14,1,3,3,553,607,702,756,552,703,605,757,605,703
14,1,3,4,732,607,881,756,731,882,605,757,605,882
14,1,3,5,912,607,1061,756,911,1062,605,757,605,1062
14,1,3,6,1091,607,1240,756,1090,1241,605,757,605,1241
14,1,3,7,1271,607,1420,756,1270,1421,605,757,605,1421
14,1,3,8,1450,607,1599,756,1449,1600,605,757,605,1600
14,1,3,9,1630,607,1779,756,1629,1780,605,757,605,1780
14,1,4,0,14,787,163,936,13,164,785,936,785,164
14,1,4,1,194,787,343,936,192,344,785,936,785,344
14,1,4,2,373,787,522,936,372,523,785,936,785,523
14,1,4,3,553,787,702,936,552,703,785,936,785,703
14,1,4,4,732,787,881,936,731,882,785,936,785,882
14,1,4,5,912,787,1061,936,911,1062,785,936,785,1062
14,1,4,6,1091,787,1240,936,1090,1241,785,936,785,1241
14,1,4,7,1271,787,1420,936,1270,1421,785,936,785,1421
14,1,4,8,1450,787,1599,936,1449,1600,785,936,785,1600
14,1,4,9,1630,787,1779,936,1629,1780,785,936,785,1780
14,2,0,0,14,66,163,215,13,164,64,215,64,164
14,2,0,1,194,66,343,215,193,344,64,215,64,344
14,2,0,2,373,66,522,215,372,523,64,215,64,523
14,2,0,3,548,66,697,215,547,698,64,215,64,698
14,2,0,4,732,66,881,215,731,882,64,215,64,882
14,2,0,5,912,66,1061,215,911,1062,64,215,64,1062
14,2,0,6,1091,66,1240,215,1090,1241,64,215,64,1241
14,2,0,7,1271,66,1420,215,1270,1421,64,215,64,1421
14,2,0,8,1450,66,1599,215,1449,1600,64,215,64,1600
14,2,0,9,1630,66,1779,215,1629,1780,64,215,64,1780
14,2,1,0,14,247,163,396,13,164,244,396,245,164
14,2,1,1,194,246,343,395,193,344,244,396,244,344
14,2,1,2,373,247,522,396,372,523,244,396,245,523
14,2,1,3,553,247,702,396,552,703,244,396,245,703
14,2,1,4,732,247,881,396,731,882,244,396,245,882
14,2,1,5,912,246,1061,395,911,1062,244,396,244,1062
14,2,1,6,1091,247,1240,396,1090,1241,244,396,245,1241
14,2,1,7,1271,247,1420,396,1270,1421,244,396,245,1421
14,2,1,8,1450,246,1599,395,1449,1600,244,396,244,1600
14,2,1,9,1630,246,1779,395,1629,1780,244,396,244,1780
14,2,2,0,14,426,163,575,13,164,424,576,424,164
14,2,2,1,194,426,343,575,193,344,424,576,424,344
14,2,2,2,373,426,522,575,372,523,424,576,424,523
14,2,2,3,553,426,702,575,552,703,424,576,424,703
14,2,2,4,732,426,881,575,731,882,424,576,424,882
14,2,2,5,912,426,1061,575,911,1062,424,576,424,1062
14,2,2,6,1091,426,1240,575,1090,1241,424,576,424,1241
14,2,2,7,1271,426,1420,575,1270,1421,424,576,424,1421
14,2,2,8,1450,426,1599,575,1449,1600,424,576,424,1600
14,2,2,9,1630,426,1779,575,1629,1780,424,576,424,1780
14,2,3,0,14,607,163,756,13,164,605,756,605,164
14,2,3,1,194,607,343,756,192,344,605,756,605,344
14,2,3,2,373,607,522,756,372,523,605,756,605,523
14,2,3,3,553,607,702,756,552,703,605,756,605,703
14,2,3,4,732,607,881,756,731,882,605,756,605,882
14,2,3,5,912,607,1061,756,911,1062,605,756,605,1062
14,2,3,6,1091,607,1240,756,1090,1241,605,756,605,1241
14,2,3,7,1271,607,1420,756,1270,1421,605,756,605,1421
14,2,3,8,1450,607,1599,756,1449,1600,605,756,605,1600
14,2,3,9,1630,607,1779,756,1629,1780,605,756,605,1780
14,2,4,0,14,786,163,935,13,164,784,936,784,164
14,2,4,1,194,786,343,935,192,344,784,936,784,344
14,2,4,2,373,786,522,935,372,523,784,936,784,523
14,2,4,3,553,786,702,935,552,703,784,936,784,703
14,2,4,4,732,786,881,935,731,882,784,936,784,882
14,2,4,5,912,786,1061,935,911,1062,784,936,784,1062
14,2,4,6,1091,786,1240,935,1090,1241,784,936,784,1241
14,2,4,7,1271,786,1420,935,1270,1421,784,936,784,1421
14,2,4,8,1450,786,1599,935,1449,1600,784,936,784,1600
14,2,4,9,1630,786,1779,935,1629,1780,784,936,784,1780
15,1,0,0,14,81,163,230,12,164,79,231,79,164
15,1,0,1,195,81,344,230,193,345,79,231,79,345
15,1,0,2,374,81,523,230,372,524,79,231,79,524
15,1,0,3,554,81,703,230,553,705,79,231,79,704
15,1,0,4,734,81,883,230,732,884,79,231,79,884
15,1,0,5,914,81,1063,230,912,1064,79,231,79,1064
15,1,0,6,1093,81,1242,230,1092,1243,79,231,79,1243
15,1,0,7,1274,81,1423,230,1272,1424,79,231,79,1424
15,1,0,8,1453,81,1602,230,1451,1603,79,231,79,1603
15,1,0,9,1634,81,1783,230,1632,1784,79,231,79,1784
15,1,1,0,14,261,163,410,12,164,259,411,259,164
15,1,1,1,195,261,344,410,193,345,259,411,259,345
15,1,1,2,374,261,523,410,372,524,259,411,259,524
15,1,1,3,554,261,703,410,553,705,259,411,259,704
15,1,1,4,734,261,883,410,732,884,259,411,259,884
15,1,1,5,914,261,1063,410,912,1064,259,411,259,1064
15,1,1,6,1093,261,1242,410,1091,1243,259,411,259,1243
15,1,1,7,1274,261,1423,410,1272,1424,259,411,259,1424
15,1,1,8,1453,261,1602,410,1451,1603,259,411,259,1603
15,1,1,9,1634,261,1783,410,1632,1784,259,411,259,1784
15,1,2,0,14,442,163,591,12,164,440,592,440,164
15,1,2,1,195,442,344,591,193,345,440,592,440,345
15,1,2,2,374,442,523,591,372,524,440,592,440,524
15,1,2,3,554,442,703,591,552,705,440,592,440,704
15,1,2,4,734,442,883,591,732,884,440,592,440,884
15,1,2,5,914,442,1063,591,912,1064,440,592,440,1064
15,1,2,6,1093,442,1242,591,1092,1243,440,592,440,1243
15,1,2,7,1274,442,1423,591,1272,1424,440,592,440,1424
15,1,2,8,1453,442,1602,591,1451,1603,440,592,440,1603
15,1,2,9,1634,442,1783,591,1632,1784,440,592,440,1784
15,1,3,0,14,623,163,772,12,164,620,773,621,164
15,1,3,1,199,623,348,772,198,349,620,773,621,349
15,1,3,2,374,622,523,771,372,524,620,773,620,524
15,1,3,3,554,622,703,771,553,705,620,773,620,704
15,1,3,4,734,622,883,771,732,884,620,773,620,884
15,1,3,5,914,623,1063,772,912,1064,620,773,621,1064
15,1,3,6,1093,622,1242,771,1092,1244,620,773,620,1243
15,1,3,7,1274,622,1423,771,1272,1424,620,773,620,1424
15,1,3,8,1453,622,1602,771,1451,1603,620,773,620,1603
15,1,3,9,1634,623,1783,772,1632,1784,620,773,621,1784
15,1,4,0,14,803,163,952,12,164,801,953,801,164
15,1,4,1,195,803,344,952,193,345,801,953,801,345
15,1,4,2,374,803,523,952,372,524,801,953,801,524
15,1,4,3,554,803,703,952,552,705,801,953,801,704
15,1,4,4,734,803,883,952,732,884,801,953,801,884
15,1,4,5,914,803,1063,952,912,1064,801,953,801,1064
15,1,4,6,1093,803,1242,952,1091,1243,801,953,801,1243
15,1,4,7,1274,803,1423,952,1272,1424,801,953,801,1424
15,1,4,8,1453,803,1602,952,1451,1603,801,953,801,1603
15,1,4,9,1629,803,1778,952,1627,1779,801,953,801,1779
15,2,0,0,14,80,163,229,12,164,78,230,78,164
15,2,0,1,195,80,344,229,193,345,78,230,78,345
15,2,0,2,374,80,523,229,372,524,78,230,78,524
15,2,0,3,554,81,703,230,553,705,78,230,79,704
15,2,0,4,734,80,883,229,732,884,78,230,78,884
15,2,0,5,914,80,1063,229,912,1064,78,230,78,1064
15,2,0,6,1093,80,1242,229,1092,1243,78,230,78,1243
15,2,0,7,1274,80,1423,229,1272,1424,78,230,78,1424
15,2,0,8,1453,80,1602,229,1451,1603,78,230,78,1603
15,2,0,9,1634,80,1783,229,1632,1784,78,230,78,1784
15,2,1,0,14,262,163,411,12,164,260,412,260,164
15,2,1,1,195,262,344,411,193,345,260,412,260,345
15,2,1,2,374,262,523,411,372,524,260,412,260,524
15,2,1,3,554,262,703,411,553,705,260,412,260,704
15,2,1,4,734,262,883,411,732,884,260,412,260,884
15,2,1,5,914,262,1063,411,912,1064,260,412,260,1064
15,2,1,6,1093,262,1242,411,1092,1243,260,412,260,1243
15,2,1,7,1274,262,1423,411,1272,1424,260,412,260,1424
15,2,1,8,1453,262,1602,411,1451,1603,260,412,260,1603
15,2,1,9,1634,262,1783,411,1632,1784,260,412,260,1784
15,2,2,0,14,441,163,590,12,164,439,592,439,164
15,2,2,1,195,442,344,591,193,345,439,592,440,345
15,2,2,2,374,441,523,590,372,524,439,592,439,524
15,2,2,3,554,442,703,591,553,705,439,592,440,704
15,2,2,4,734,442,883,591,732,884,439,592,440,884
15,2,2,5,914,441,1063,590,912,1064,439,592,439,1064
15,2,2,6,1093,441,1242,590,1092,1243,439,592,439,1243
15,2,2,7,1274,442,1423,591,1272,1424,439,592,440,1424
15,2,2,8,1453,441,1602,590,1451,1603,439,592,439,1603
15,2,2,9,1634,441,1783,590,1632,1784,439,592,439,1784
15,2,3,0,14,622,163,771,12,164,620,772,620,164
15,2,3,1,195,622,344,771,193,345,620,772,620,345
15,2,3,2,374,622,523,771,372,524,620,772,620,524
15,2,3,3,554,622,703,771,552,705,620,772,620,704
15,2,3,4,734,622,883,771,732,884,620,772,620,884
15,2,3,5,915,622,1064,771,913,1065,620,772,620,1065
15,2,3,6,1093,622,1242,771,1092,1243,620,772,620,1243
15,2,3,7,1274,622,1423,771,1272,1424,620,772,620,1424
15,2,3,8,1453,622,1602,771,1451,1603,620,772,620,1603
15,2,3,9,1634,622,1783,771,1632,1784,620,772,620,1784
15,2,4,0,14,802,163,951,12,164,800,952,800,164
15,2,4,1,195,802,344,951,193,345,800,952,800,345
15,2,4,2,374,802,523,951,372,524,800,952,800,524
15,2,4,3,554,802,703,951,553,705,800,952,800,704
15,2,4,4,734,802,883,951,732,884,800,952,800,884
15,2,4,5,914,802,1063,951,912,1064,800,952,800,1064
15,2,4,6,1093,802,1242,951,1092,1243,800,952,800,1243
15,2,4,7,1274,802,1423,951,1272,1424,800,952,800,1424
15,2,4,8,1453,802,1602,951,1451,1603,800,952,800,1603
15,2,4,9,1634,802,1783,951,1632,1784,800,952,800,1784
16,1,0,0,17,86,166,235,16,167,84,236,84,167
16,1,0,1,198,86,347,235,196,348,84,236,84,348
16,1,0,2,377,86,526,235,375,527,84,236,84,527
16,1,0,3,557,86,706,235,555,707,84,236,84,707
16,1,0,4,736,86,885,235,735,886,84,236,84,886
16,1,0,5,917,86,1066,235,915,1067,84,236,84,1067
16,1,0,6,1096,86,1245,235,1094,1246,84,236,84,1246
16,1,0,7,1276,86,1425,235,1274,1426,84,236,84,1426
16,1,0,8,1455,86,1604,235,1454,1605,84,236,84,1605
16,1,0,9,1636,86,1785,235,1634,1786,84,236,84,1786
16,1,1,0,17,267,166,416,16,167,264,417,265,167
16,1,1,1,198,267,347,416,196,348,264,417,265,348
16,1,1,2,377,267,526,416,375,527,264,417,265,527
16,1,1,3,557,267,706,416,555,707,264,417,265,707
16,1,1,4,736,267,885,416,735,886,264,417,265,886
16,1,1,5,917,267,1066,416,915,1067,264,417,265,1067
16,1,1,6,1096,267,1245,416,1094,1246,264,417,265,1246
16,1,1,7,1276,267,1425,416,1274,1426,264,417,265,1426
16,1,1,8,1455,267,1604,416,1454,1605,264,417,265,1605
16,1,1,9,1636,267,1785,416,1634,1786,264,417,265,1786
16,1,2,0,17,447,166,596,16,167,445,597,445,167
16,1,2,1,198,447,347,596,196,348,445,597,445,348
16,1,2,2,377,447,526,596,375,527,445,597,445,527
16,1,2,3,557,447,706,596,555,707,445,597,445,707
16,1,2,4,736,447,885,596,735,886,445,597,445,886
16,1,2,5,917,448,1066,597,915,1067,445,597,446,1067
16,1,2,6,1096,447,1245,596,1094,1246,445,597,445,1246
16,1,2,7,1276,447,1425,596,1274,1426,445,597,445,1426
16,1,2,8,1455,447,1604,596,1454,1606,445,597,445,1605
16,1,2,9,1636,447,1785,596,1634,1786,445,597,445,1786
16,1,3,0,17,628,166,777,16,167,625,777,626,167
16,1,3,1,198,628,347,777,196,348,625,777,626,348
16,1,3,2,377,628,526,777,375,527,625,777,626,527
16,1,3,3,557,628,706,777,555,707,625,777,626,707
16,1,3,4,736,628,885,777,735,886,625,777,626,886
16,1,3,5,917,628,1066,777,915,1067,625,777,626,1067
16,1,3,6,1096,628,1245,777,1094,1246,625,777,626,1246
16,1,3,7,1276,628,1425,777,1274,1426,625,777,626,1426
16,1,3,8,1455,628,1604,777,1454,1605,625,777,626,1605
16,1,3,9,1636,628,1785,777,1634,1786,625,777,626,1786
16,1,4,0,17,808,166,957,16,167,806,958,806,167
16,1,4,1,198,808,347,957,196,348,806,958,806,348
16,1,4,2,377,808,526,957,375,527,806,958,806,527
16,1,4,3,557,808,706,957,555,707,806,958,806,707
16,1,4,4,736,808,885,957,735,886,806,958,806,886
16,1,4,5,917,808,1066,957,915,1067,806,958,806,1067
16,1,4,6,1096,808,1245,957,1094,1246,806,958,806,1246
16,1,4,7,1276,808,1425,957,1274,1426,806,958,806,1426
16,1,4,8,1455,808,1604,957,1454,1606,806,958,806,1605
16,1,4,9,1636,808,1785,957,1634,1786,806,958,806,1786
16,2,0,0,17,86,166,235,16,167,84,236,84,167
16,2,0,1,198,86,347,235,197,348,84,236,84,348
16,2,0,2,377,86,526,235,375,527,84,236,84,527
16,2,0,3,557,86,706,235,555,707,84,236,84,707
16,2,0,4,736,86,885,235,735,887,84,236,84,886
16,2,0,5,917,86,1066,235,915,1067,84,236,84,1067
16,2,0,6,1096,86,1245,235,1094,1246,84,236,84,1246
16,2,0,7,1276,86,1425,235,1274,1426,84,236,84,1426
16,2,0,8,1455,86,1604,235,1454,1606,84,236,84,1605
16,2,0,9,1636,86,1785,235,1634,1786,84,236,84,1786
16,2,1,0,17,267,166,416,16,167,265,417,265,167
16,2,1,1,198,267,347,416,196,348,265,417,265,348
16,2,1,2,377,267,526,416,375,527,265,417,265,527
16,2,1,3,557,267,706,416,555,707,265,417,265,707
16,2,1,4,736,267,885,416,735,886,265,417,265,886
16,2,1,5,917,267,1066,416,915,1067,265,417,265,1067
16,2,1,6,1096,267,1245,416,1094,1246,265,417,265,1246
16,2,1,7,1276,267,1425,416,1274,1426,265,417,265,1426
16,2,1,8,1455,267,1604,416,1454,1605,265,417,265,1605
16,2,1,9,1636,267,1785,416,1634,1786,265,417,265,1786
16,2,2,0,17,447,166,596,16,167,445,597,445,167
16,2,2,1,198,447,347,596,196,348,445,597,445,348
16,2,2,2,377,447,526,596,375,527,445,597,445,527
16,2,2,3,557,447,706,596,555,707,445,597,445,707
16,2,2,4,736,447,885,596,735,887,445,597,445,886
16,2,2,5,917,447,1066,596,915,1067,445,597,445,1067
16,2,2,6,1096,447,1245,596,1094,1246,445,597,445,1246
16,2,2,7,1276,447,1425,596,1274,1426,445,597,445,1426
16,2,2,8,1455,447,1604,596,1454,1605,445,597,445,1605
16,2,2,9,1636,447,1785,596,1634,1786,445,597,445,1786
16,2,3,0,17,628,166,777,16,167,626,777,626,167
16,2,3,1,197,628,346,777,196,348,626,777,626,347
16,2,3,2,377,628,526,777,375,527,626,777,626,527
16,2,3,3,557,628,706,777,555,707,626,777,626,707
16,2,3,4,736,628,885,777,735,886,626,777,626,886
16,2,3,5,917,628,1066,777,915,1067,626,777,626,1067
16,2,3,6,1096,628,1245,777,1094,1246,626,777,626,1246
16,2,3,7,1276,628,1425,777,1274,1426,626,777,626,1426
16,2,3,8,1455,628,1604,777,1454,1605,626,777,626,1605
16,2,3,9,1636,628,1785,777,1634,1786,626,777,626,1786
16,2,4,0,17,808,166,957,16,167,806,958,806,167
16,2,4,1,198,808,347,957,196,348,806,958,806,348
16,2,4,2,377,808,526,957,375,527,806,958,806,527
16,2,4,3,557,808,706,957,555,707,806,958,806,707
16,2,4,4,736,808,885,957,735,887,806,958,806,886
16,2,4,5,917,808,1066,957,916,1067,806,958,806,1067
16,2,4,6,1096,808,1245,957,1094,1246,806,958,806,1246
16,2,4,7,1276,808,1425,957,1274,1426,806,958,806,1426
16,2,4,8,1455,808,1604,957,1454,1606,806,958,806,1605
16,2,4,9,1636,808,1785,957,1634,1786,806,958,806,1786
17,1,0,0,14,74,163,223,12,165,72,223,72,164
17,1,0,1,195,74,344,223,193,345,72,223,72,345
17,1,0,2,374,74,523,223,372,525,72,223,72,524
17,1,0,3,555,74,704,223,553,705,72,223,72,705
17,1,0,4,735,74,884,223,732,885,72,223,72,885
17,1,0,5,915,74,1064,223,913,1065,72,223,72,1065
17,1,0,6,1094,74,1243,223,1092,1245,72,223,72,1244
17,1,0,7,1275,74,1424,223,1273,1425,72,223,72,1425
17,1,0,8,1455,74,1604,223,1452,1605,72,223,72,1605
17,1,0,9,1635,74,1784,223,1633,1785,72,223,72,1785
17,1,1,0,14,254,163,403,12,164,252,404,252,164
17,1,1,1,195,254,344,403,193,345,252,404,252,345
17,1,1,2,375,254,524,403,372,525,252,404,252,525
17,1,1,3,555,254,704,403,553,705,252,404,252,705
17,1,1,4,734,254,883,403,732,885,252,404,252,884
17,1,1,5,915,254,1064,403,913,1065,252,404,252,1065
17,1,1,6,1095,254,1244,403,1092,1245,252,404,252,1245
17,1,1,7,1275,254,1424,403,1273,1425,252,404,252,1425
17,1,1,8,1455,254,1604,403,1452,1605,252,404,252,1605
17,1,1,9,1635,254,1784,403,1633,1785,252,404,252,1785
17,1,2,0,14,435,163,584,12,164,433,585,433,164
17,1,2,1,195,435,344,584,193,345,433,585,433,345
17,1,2,2,374,435,523,584,372,525,433,585,433,524
17,1,2,3,555,435,704,584,553,705,433,585,433,705
17,1,2,4,735,435,884,584,732,885,433,585,433,885
17,1,2,5,915,435,1064,584,913,1065,433,585,433,1065
17,1,2,6,1095,435,1244,584,1092,1245,433,585,433,1245
17,1,2,7,1275,435,1424,584,1273,1425,433,585,433,1425
17,1,2,8,1455,435,1604,584,1452,1605,433,585,433,1605
17,1,2,9,1635,435,1784,584,1633,1785,433,585,433,1785
17,1,3,0,14,616,163,765,12,164,614,766,614,164
17,1,3,1,195,616,344,765,193,345,614,766,614,345
17,1,3,2,374,616,523,765,372,525,614,766,614,524
17,1,3,3,555,616,704,765,553,705,614,766,614,705
17,1,3,4,735,616,884,765,732,885,614,766,614,885
17,1,3,5,915,616,1064,765,913,1065,614,766,614,1065
17,1,3,6,1094,616,1243,765,1092,1245,614,766,614,1244
17,1,3,7,1275,616,1424,765,1273,1425,614,766,614,1425
17,1,3,8,1455,616,1604,765,1452,1605,614,766,614,1605
17,1,3,9,1635,616,1784,765,1633,1785,614,766,614,1785
17,1,4,0,14,796,163,945,12,165,794,946,794,164
17,1,4,1,195,796,344,945,193,345,794,946,794,345
17,1,4,2,374,796,523,945,372,525,794,946,794,524
17,1,4,3,555,796,704,945,553,705,794,946,794,705
17,1,4,4,735,796,884,945,732,885,794,946,794,885
17,1,4,5,915,796,1064,945,913,1065,794,946,794,1065
17,1,4,6,1095,796,1244,945,1092,1245,794,946,794,1245
17,1,4,7,1275,796,1424,945,1273,1425,794,946,794,1425
17,1,4,8,1455,796,1604,945,1452,1605,794,946,794,1605
17,1,4,9,1636,796,1785,945,1634,1786,794,946,794,1786
17,2,0,0,14,74,163,223,12,165,72,224,72,164
17,2,0,1,195,74,344,223,193,345,72,224,72,345
17,2,0,2,374,74,523,223,372,525,72,224,72,524
17,2,0,3,555,74,704,223,553,705,72,224,72,705
17,2,0,4,735,74,884,223,732,885,72,224,72,885
17,2,0,5,915,74,1064,223,913,1065,72,224,72,1065
17,2,0,6,1095,74,1244,223,1092,1245,72,224,72,1245
17,2,0,7,1275,74,1424,223,1273,1425,72,224,72,1425
17,2,0,8,1455,74,1604,223,1452,1605,72,224,72,1605
17,2,0,9,1635,74,1784,223,1633,1785,72,224,72,1785
17,2,1,0,14,255,163,404,12,165,253,405,253,164
17,2,1,1,195,255,344,404,193,345,253,405,253,345
17,2,1,2,375,255,524,404,372,525,253,405,253,525
17,2,1,3,555,255,704,404,553,705,253,405,253,705
17,2,1,4,735,255,884,404,732,885,253,405,253,885
17,2,1,5,915,255,1064,404,913,1065,253,405,253,1065
17,2,1,6,1095,255,1244,404,1092,1245,253,405,253,1245
17,2,1,7,1275,255,1424,404,1273,1425,253,405,253,1425
17,2,1,8,1455,255,1604,404,1452,1605,253,405,253,1605
17,2,1,9,1635,255,1784,404,1633,1785,253,405,253,1785
17,2,2,0,14,435,163,584,12,165,433,585,433,164
17,2,2,1,195,435,344,584,193,345,433,585,433,345
17,2,2,2,374,435,523,584,372,525,433,585,433,524
17,2,2,3,555,435,704,584,553,705,433,585,433,705
17,2,2,4,735,435,884,584,732,885,433,585,433,885
17,2,2,5,915,435,1064,584,913,1065,433,585,433,1065
17,2,2,6,1094,435,1243,584,1092,1245,433,585,433,1244
17,2,2,7,1275,435,1424,584,1273,1425,433,585,433,1425
17,2,2,8,1455,435,1604,584,1452,1605,433,585,433,1605
17,2,2,9,1635,435,1784,584,1633,1785,433,585,433,1785
17,2,3,0,14,616,163,765,12,165,614,766,614,164
17,2,3,1,195,616,344,765,193,345,614,766,614,345
17,2,3,2,374,616,523,765,372,525,614,766,614,524
17,2,3,3,555,616,704,765,553,705,614,766,614,705
17,2,3,4,734,616,883,765,732,885,614,766,614,884
17,2,3,5,915,616,1064,765,913,1065,614,766,614,1065
17,2,3,6,1095,616,1244,765,1092,1245,614,766,614,1245
17,2,3,7,1275,616,1424,765,1273,1425,614,766,614,1425
17,2,3,8,1455,616,1604,765,1452,1605,614,766,614,1605
17,2,3,9,1635,616,1784,765,1633,1785,614,766,614,1785
17,2,4,0,14,797,163,946,12,165,795,947,795,164
17,2,4,1,195,797,344,946,193,345,795,947,795,345
17,2,4,2,374,797,523,946,372,525,795,947,795,524
17,2,4,3,555,797,704,946,553,705,795,947,795,705
17,2,4,4,734,797,883,946,732,885,795,947,795,884
17,2,4,5,915,797,1064,946,913,1065,795,947,795,1065
17,2,4,6,1094,797,1243,946,1092,1245,795,947,795,1244
17,2,4,7,1275,797,1424,946,1273,1425,795,947,795,1425
17,2,4,8,1455,797,1604,946,1452,1605,795,947,795,1605
17,2,4,9,1635,797,1784,946,1633,1785,795,947,795,1785
18,1,0,0,13,73,162,222,11,163,71,224,71,163
18,1,0,1,194,73,343,222,192,345,71,224,71,344
18,1,0,2,374,73,523,222,372,524,71,224,71,524
18,1,0,3,556,73,705,222,553,706,71,224,71,706
18,1,0,4,735,73,884,222,733,885,71,224,71,885
18,1,0,5,916,73,1065,222,914,1067,71,224,71,1066
18,1,0,6,1096,73,1245,222,1094,1246,71,224,71,1246
18,1,0,7,1278,73,1427,222,1275,1428,71,224,71,1428
18,1,0,8,1457,73,1606,222,1455,1607,71,224,71,1607
18,1,0,9,1638,73,1787,222,1636,1789,71,224,71,1788
18,1,1,0,13,255,162,404,11,163,252,405,253,163
18,1,1,1,194,255,343,404,192,345,252,405,253,344
18,1,1,2,374,255,523,404,372,524,252,405,253,524
18,1,1,3,556,255,705,404,553,706,252,405,253,706
18,1,1,4,735,255,884,404,733,885,252,405,253,885
18,1,1,5,916,255,1065,404,914,1067,252,405,253,1066
18,1,1,6,1096,255,1245,404,1094,1246,252,405,253,1246
18,1,1,7,1277,255,1426,404,1275,1428,252,405,253,1427
18,1,1,8,1457,255,1606,404,1455,1607,252,405,253,1607
18,1,1,9,1638,255,1787,404,1636,1789,252,405,253,1788
18,1,2,0,13,436,162,585,11,163,434,586,434,163
18,1,2,1,194,436,343,585,192,345,434,586,434,344
18,1,2,2,374,436,523,585,372,524,434,586,434,524
18,1,2,3,556,436,705,585,553,706,434,586,434,706
18,1,2,4,735,436,884,585,733,885,434,586,434,885
18,1,2,5,917,436,1066,585,914,1067,434,586,434,1067
18,1,2,6,1096,436,1245,585,1094,1246,434,586,434,1246
18,1,2,7,1277,436,1426,585,1275,1428,434,586,434,1427
18,1,2,8,1457,436,1606,585,1455,1607,434,586,434,1607
18,1,2,9,1638,436,1787,585,1636,1789,434,586,434,1788
18,1,3,0,13,617,162,766,11,163,615,767,615,163
18,1,3,1,194,617,343,766,192,344,615,767,615,344
18,1,3,2,374,617,523,766,372,524,615,767,615,524
18,1,3,3,556,617,705,766,553,706,615,767,615,706
18,1,3,4,735,617,884,766,733,885,615,767,615,885
18,1,3,5,917,617,1066,766,914,1067,615,767,615,1067
18,1,3,6,1096,617,1245,766,1094,1246,615,767,615,1246
18,1,3,7,1277,617,1426,766,1275,1428,615,767,615,1427
18,1,3,8,1457,617,1606,766,1455,1607,615,767,615,1607
18,1,3,9,1638,617,1787,766,1636,1789,615,767,615,1788
18,1,4,0,13,798,162,947,11,163,796,948,796,163
18,1,4,1,194,798,343,947,192,344,796,948,796,344
18,1,4,2,374,798,523,947,372,524,796,948,796,524
18,1,4,3,556,798,705,947,553,706,796,948,796,706
18,1,4,4,735,798,884,947,733,885,796,948,796,885
18,1,4,5,917,798,1066,947,914,1067,796,948,796,1067
18,1,4,6,1096,798,1245,947,1094,1246,796,948,796,1246
18,1,4,7,1278,798,1427,947,1275,1428,796,948,796,1428
18,1,4,8,1457,798,1606,947,1455,1607,796,948,796,1607
18,1,4,9,1638,798,1787,947,1636,1789,796,948,796,1788
18,2,0,0,13,72,162,221,11,163,70,223,70,163
18,2,0,1,194,72,343,221,192,345,70,223,70,344
18,2,0,2,374,72,523,221,372,524,70,223,70,524
18,2,0,3,556,72,705,221,553,706,70,223,70,706
18,2,0,4,735,72,884,221,733,885,70,223,70,885
18,2,0,5,917,72,1066,221,914,1067,70,223,70,1067
18,2,0,6,1096,72,1245,221,1094,1247,70,223,70,1246
18,2,0,7,1277,72,1426,221,1275,1428,70,223,70,1427
18,2,0,8,1457,72,1606,221,1455,1607,70,223,70,1607
18,2,0,9,1638,72,1787,221,1636,1789,70,223,70,1788
18,2,1,0,13,254,162,403,11,163,252,404,252,163
18,2,1,1,194,254,343,403,192,345,252,404,252,344
18,2,1,2,374,254,523,403,372,524,252,404,252,524
18,2,1,3,555,254,704,403,553,706,252,404,252,705
18,2,1,4,735,254,884,403,733,885,252,404,252,885
18,2,1,5,917,254,1066,403,914,1067,252,404,252,1067
18,2,1,6,1096,254,1245,403,1094,1247,252,404,252,1246
18,2,1,7,1277,254,1426,403,1275,1428,252,404,252,1427
18,2,1,8,1457,254,1606,403,1455,1607,252,404,252,1607
18,2,1,9,1638,254,1787,403,1636,1789,252,404,252,1788
18,2,2,0,13,435,162,584,11,163,433,585,433,163
18,2,2,1,194,435,343,584,192,345,433,585,433,344
18,2,2,2,374,435,523,584,372,524,433,585,433,524
18,2,2,3,555,435,704,584,553,706,433,585,433,705
18,2,2,4,735,435,884,584,733,885,433,585,433,885
18,2,2,5,917,435,1066,584,914,1067,433,585,433,1067
18,2,2,6,1096,435,1245,584,1094,1247,433,585,433,1246
18,2,2,7,1277,435,1426,584,1275,1428,433,585,433,1427
18,2,2,8,1457,435,1606,584,1455,1607,433,585,433,1607
18,2,2,9,1638,435,1787,584,1636,1789,433,585,433,1788
18,2,3,0,13,616,162,765,11,163,614,766,614,163
18,2,3,1,194,616,343,765,192,345,614,766,614,344
18,2,3,2,374,616,523,765,372,524,614,766,614,524
18,2,3,3,555,616,704,765,553,706,614,766,614,705
18,2,3,4,735,616,884,765,733,885,614,766,614,885
18,2,3,5,916,616,1065,765,914,1067,614,766,614,1066
18,2,3,6,1096,616,1245,765,1094,1246,614,766,614,1246
18,2,3,7,1277,616,1426,765,1275,1428,614,766,614,1427
18,2,3,8,1457,616,1606,765,1455,1607,614,766,614,1607
18,2,3,9,1638,616,1787,765,1636,1789,614,766,614,1788
18,2,4,0,13,797,162,946,11,163,795,948,795,163
18,2,4,1,194,797,343,946,192,345,795,948,795,344
18,2,4,2,374,797,523,946,372,524,795,948,795,524
18,2,4,3,556,797,705,946,553,706,795,948,795,706
18,2,4,4,735,797,884,946,733,885,795,948,795,885
18,2,4,5,917,797,1066,946,915,1067,795,948,795,1067
18,2,4,6,1096,797,1245,946,1094,1247,795,948,795,1246
18,2,4,7,1277,797,1426,946,1275,1428,795,948,795,1427
18,2,4,8,1457,797,1606,946,1455,1607,795,948,795,1607
18,2,4,9,1638,797,1787,946,1636,1789,795,948,795,1788
19,1,0,0,16,79,165,228,14,166,76,229,77,166
19,1,0,1,196,78,345,227,194,347,76,229,76,346
19,1,0,2,376,78,525,227,374,526,76,229,76,526
19,1,0,3,557,78,706,227,554,707,76,229,76,707
19,1,0,4,736,79,885,228,734,886,76,229,77,886
19,1,0,5,917,78,1066,227,915,1067,76,229,76,1067
19,1,0,6,1096,78,1245,227,1094,1246,76,229,76,1246
19,1,0,7,1277,78,1426,227,1275,1427,76,229,76,1427
19,1,0,8,1456,78,1605,227,1454,1606,76,229,76,1606
19,1,0,9,1637,78,1786,227,1635,1787,76,229,76,1787
19,1,1,0,16,259,165,408,14,166,257,409,257,166
19,1,1,1,196,259,345,408,194,347,257,409,257,346
19,1,1,2,376,259,525,408,374,526,257,409,257,526
19,1,1,3,557,259,706,408,554,707,257,409,257,707
19,1,1,4,736,259,885,408,734,886,257,409,257,886
19,1,1,5,917,259,1066,408,915,1067,257,409,257,1067
19,1,1,6,1096,259,1245,408,1094,1246,257,409,257,1246
19,1,1,7,1277,259,1426,408,1275,1427,257,409,257,1427
19,1,1,8,1456,259,1605,408,1454,1606,257,409,257,1606
19,1,1,9,1637,259,1786,408,1635,1787,257,409,257,1787
19,1,2,0,16,440,165,589,14,166,438,590,438,166
19,1,2,1,196,440,345,589,194,347,438,590,438,346
19,1,2,2,376,440,525,589,374,526,438,590,438,526
19,1,2,3,557,440,706,589,555,707,438,590,438,707
19,1,2,4,736,440,885,589,734,886,438,590,438,886
19,1,2,5,917,440,1066,589,915,1067,438,590,438,1067
19,1,2,6,1096,440,1245,589,1094,1246,438,590,438,1246
19,1,2,7,1277,440,1426,589,1275,1427,438,590,438,1427
19,1,2,8,1456,440,1605,589,1454,1606,438,590,438,1606
19,1,2,9,1637,440,1786,589,1635,1787,438,590,438,1787
19,1,3,0,16,621,165,770,14,166,619,771,619,166
19,1,3,1,196,621,345,770,194,347,619,771,619,346
19,1,3,2,376,621,525,770,374,526,619,771,619,526
19,1,3,3,557,621,706,770,555,707,619,771,619,707
19,1,3,4,736,621,885,770,734,886,619,771,619,886
19,1,3,5,917,621,1066,770,915,1067,619,771,619,1067
19,1,3,6,1096,621,1245,770,1094,1246,619,771,619,1246
19,1,3,7,1277,621,1426,770,1275,1427,619,771,619,1427
19,1,3,8,1456,621,1605,770,1454,1606,619,771,619,1606
19,1,3,9,1637,621,1786,770,1635,1787,619,771,619,1787
19,1,4,0,16,801,165,950,14,166,799,952,799,166
19,1,4,1,196,801,345,950,194,347,799,952,799,346
19,1,4,2,376,801,525,950,374,526,799,952,799,526
19,1,4,3,557,801,706,950,555,707,799,952,799,707
19,1,4,4,736,801,885,950,734,886,799,952,799,886
19,1,4,5,917,801,1066,950,915,1067,799,952,799,1067
19,1,4,6,1096,801,1245,950,1094,1246,799,952,799,1246
19,1,4,7,1277,801,1426,950,1275,1427,799,952,799,1427
19,1,4,8,1456,801,1605,950,1454,1606,799,952,799,1606
19,1,4,9,1637,801,1786,950,1635,1787,799,952,799,1787
19,2,0,0,16,79,165,228,14,166,77,229,77,166
19,2,0,1,196,79,345,228,194,347,77,229,77,346
19,2,0,2,376,79,525,228,374,526,77,229,77,526
19,2,0,3,557,79,706,228,555,707,77,229,77,707
19,2,0,4,736,79,885,228,734,886,77,229,77,886
19,2,0,5,917,79,1066,228,915,1067,77,229,77,1067
19,2,0,6,1096,79,1245,228,1094,1246,77,229,77,1246
19,2,0,7,1277,79,1426,228,1275,1427,77,229,77,1427
19,2,0,8,1456,79,1605,228,1454,1606,77,229,77,1606
19,2,0,9,1637,79,1786,228,1635,1787,77,229,77,1787
19,2,1,0,16,260,165,409,14,166,257,410,258,166
19,2,1,1,196,259,345,408,194,347,257,410,257,346
19,2,1,2,376,260,525,409,374,526,257,410,258,526
19,2,1,3,557,260,706,409,554,707,257,410,258,707
19,2,1,4,736,259,885,408,734,886,257,410,257,886
19,2,1,5,917,260,1066,409,915,1067,257,410,258,1067
19,2,1,6,1096,260,1245,409,1094,1246,257,410,258,1246
19,2,1,7,1277,259,1426,408,1275,1427,257,410,257,1427
19,2,1,8,1456,259,1605,408,1454,1606,257,410,257,1606
19,2,1,9,1637,260,1786,409,1635,1787,257,410,258,1787
19,2,2,0,16,440,165,589,14,166,438,590,438,166
19,2,2,1,196,440,345,589,194,347,438,590,438,346
19,2,2,2,376,440,525,589,374,526,438,590,438,526
19,2,2,3,557,440,706,589,555,707,438,590,438,707
19,2,2,4,736,440,885,589,734,886,438,590,438,886
19,2,2,5,917,440,1066,589,915,1067,438,590,438,1067
19,2,2,6,1096,440,1245,589,1094,1246,438,590,438,1246
19,2,2,7,1277,440,1426,589,1275,1427,438,590,438,1427
19,2,2,8,1456,440,1605,589,1454,1606,438,590,438,1606
19,2,2,9,1637,440,1786,589,1635,1787,438,590,438,1787
19,2,3,0,16,621,165,770,14,166,619,771,619,166
19,2,3,1,196,621,345,770,194,347,619,771,619,346
19,2,3,2,376,621,525,770,374,526,619,771,619,526
19,2,3,3,557,621,706,770,554,707,619,771,619,707
19,2,3,4,736,621,885,770,734,886,619,771,619,886
19,2,3,5,917,621,1066,770,915,1068,619,771,619,1067
19,2,3,6,1096,621,1245,770,1094,1246,619,771,619,1246
19,2,3,7,1277,621,1426,770,1275,1427,619,771,619,1427
19,2,3,8,1456,621,1605,770,1454,1606,619,771,619,1606
19,2,3,9,1637,621,1786,770,1635,1787,619,771,619,1787
19,2,4,0,16,802,165,951,14,166,800,952,800,166
19,2,4,1,196,802,345,951,194,347,800,952,800,346
19,2,4,2,376,802,525,951,374,526,800,952,800,526
19,2,4,3,557,802,706,951,555,707,800,952,800,707
19,2,4,4,736,802,885,951,734,886,800,952,800,886
19,2,4,5,917,802,1066,951,915,1067,800,952,800,1067
19,2,4,6,1096,802,1245,951,1094,1246,800,952,800,1246
19,2,4,7,1277,802,1426,951,1275,1427,800,952,800,1427
19,2,4,8,1456,802,1605,951,1454,1606,800,952,800,1606
19,2,4,9,1637,802,1786,951,1635,1787,800,952,800,1787
20,1,0,0,12,69,161,218,10,162,67,220,67,162
20,1,0,1,194,69,343,218,191,344,67,220,67,344
20,1,0,2,373,69,522,218,371,523,67,220,67,523
20,1,0,3,555,69,704,218,552,705,67,220,67,705
20,1,0,4,734,69,883,218,732,885,67,220,67,884
20,1,0,5,916,69,1065,218,913,1066,67,220,67,1066
20,1,0,6,1095,70,1244,219,1093,1246,67,220,68,1245
20,1,0,7,1277,69,1426,218,1274,1427,67,220,67,1427
20,1,0,8,1456,69,1605,218,1454,1607,67,220,67,1606
20,1,0,9,1638,69,1787,218,1635,1788,67,220,67,1788
20,1,1,0,12,251,161,400,10,162,248,401,249,162
20,1,1,1,194,251,343,400,191,344,248,401,249,344
20,1,1,2,373,251,522,400,371,523,248,401,249,523
20,1,1,3,555,251,704,400,552,705,248,401,249,705
20,1,1,4,734,251,883,400,732,885,248,401,249,884
20,1,1,5,916,251,1065,400,913,1066,248,401,249,1066
20,1,1,6,1096,251,1245,400,1093,1246,248,401,249,1246
20,1,1,7,1277,251,1426,400,1274,1427,248,401,249,1427
20,1,1,8,1456,251,1605,400,1454,1607,248,401,249,1606
20,1,1,9,1638,251,1787,400,1635,1788,248,401,249,1788
20,1,2,0,12,432,161,581,10,162,430,582,430,162
20,1,2,1,194,432,343,581,191,344,430,582,430,344
20,1,2,2,373,432,522,581,371,523,430,582,430,523
20,1,2,3,555,432,704,581,552,705,430,582,430,705
20,1,2,4,734,432,883,581,732,885,430,582,430,884
20,1,2,5,916,432,1065,581,913,1066,430,582,430,1066
20,1,2,6,1095,432,1244,581,1093,1246,430,582,430,1245
20,1,2,7,1277,432,1426,581,1274,1427,430,582,430,1427
20,1,2,8,1456,432,1605,581,1454,1607,430,582,430,1606
20,1,2,9,1638,432,1787,581,1635,1788,430,582,430,1788
20,1,3,0,12,613,161,762,10,162,611,764,611,162
20,1,3,1,194,613,343,762,191,344,611,764,611,344
20,1,3,2,373,613,522,762,371,523,611,764,611,523
20,1,3,3,555,613,704,762,552,705,611,764,611,705
20,1,3,4,734,613,883,762,732,885,611,764,611,884
20,1,3,5,916,613,1065,762,913,1066,611,764,611,1066
20,1,3,6,1096,613,1245,762,1093,1246,611,764,611,1246
20,1,3,7,1277,613,1426,762,1274,1427,611,764,611,1427
20,1,3,8,1457,613,1606,762,1454,1607,611,764,611,1607
20,1,3,9,1638,613,1787,762,1635,1788,611,764,611,1788
20,1,4,0,12,794,161,943,10,162,792,945,792,162
20,1,4,1,194,794,343,943,191,344,792,945,792,344
20,1,4,2,373,794,522,943,371,523,792,945,792,523
20,1,4,3,555,794,704,943,552,705,792,945,792,705
20,1,4,4,734,794,883,943,732,885,792,945,792,884
20,1,4,5,916,794,1065,943,913,1066,792,945,792,1066
20,1,4,6,1095,794,1244,943,1093,1246,792,945,792,1245
20,1,4,7,1277,794,1426,943,1274,1427,792,945,792,1427
20,1,4,8,1456,794,1605,943,1454,1607,792,945,792,1606
20,1,4,9,1638,794,1787,943,1635,1788,792,945,792,1788
20,2,0,0,12,70,161,219,10,162,67,220,68,162
20,2,0,1,194,69,343,218,191,344,67,220,67,344
20,2,0,2,373,69,522,218,371,523,67,220,67,523
20,2,0,3,555,69,704,218,552,705,67,220,67,705
20,2,0,4,734,69,883,218,732,885,67,220,67,884
20,2,0,5,916,69,1065,218,913,1066,67,220,67,1066
20,2,0,6,1095,69,1244,218,1093,1246,67,220,67,1245
20,2,0,7,1277,69,1426,218,1274,1427,67,220,67,1427
20,2,0,8,1457,69,1606,218,1454,1607,67,220,67,1607
20,2,0,9,1638,69,1787,218,1635,1788,67,220,67,1788
20,2,1,0,12,251,161,400,10,162,248,401,249,162
20,2,1,1,194,251,343,400,191,344,248,401,249,344
20,2,1,2,373,251,522,400,371,523,248,401,249,523
20,2,1,3,555,251,704,400,552,705,248,401,249,705
20,2,1,4,734,251,883,400,732,885,248,401,249,884
20,2,1,5,916,251,1065,400,913,1066,248,401,249,1066
20,2,1,6,1095,251,1244,400,1093,1246,248,401,249,1245
20,2,1,7,1277,251,1426,400,1274,1427,248,401,249,1427
20,2,1,8,1456,251,1605,400,1454,1607,248,401,249,1606
20,2,1,9,1638,251,1787,400,1635,1788,248,401,249,1788
20,2,2,0,12,432,161,581,10,162,430,582,430,162
20,2,2,1,194,432,343,581,191,344,430,582,430,344
20,2,2,2,373,432,522,581,371,523,430,582,430,523
20,2,2,3,555,432,704,581,552,705,430,582,430,705
20,2,2,4,734,432,883,581,732,884,430,582,430,884
20,2,2,5,910,432,1059,581,908,1060,430,582,430,1060
20,2,2,6,1095,432,1244,581,1093,1246,430,582,430,1245
20,2,2,7,1277,432,1426,581,1274,1427,430,582,430,1427
20,2,2,8,1457,432,1606,581,1454,1607,430,582,430,1607
20,2,2,9,1638,432,1787,581,1635,1788,430,582,430,1788
20,2,3,0,12,613,161,762,10,162,611,764,611,162
20,2,3,1,194,613,343,762,191,344,611,764,611,344
20,2,3,2,373,613,522,762,371,523,611,764,611,523
20,2,3,3,555,613,704,762,552,705,611,764,611,705
20,2,3,4,734,613,883,762,732,885,611,764,611,884
20,2,3,5,916,613,1065,762,913,1066,611,764,611,1066
20,2,3,6,1095,613,1244,762,1093,1246,611,764,611,1245
20,2,3,7,1277,613,1426,762,1274,1427,611,764,611,1427
20,2,3,8,1456,613,1605,762,1454,1607,611,764,611,1606
20,2,3,9,1638,613,1787,762,1635,1788,611,764,611,1788
20,2,4,0,12,794,161,943,10,162,792,945,792,162
20,2,4,1,197,794,346,943,194,347,792,945,792,347
20,2,4,2,373,794,522,943,371,523,792,945,792,523
20,2,4,3,555,794,704,943,552,705,792,945,792,705
20,2,4,4,734,794,883,943,732,885,792,945,792,884
20,2,4,5,916,794,1065,943,913,1066,792,945,792,1066
20,2,4,6,1095,794,1244,943,1093,1246,792,945,792,1245
20,2,4,7,1277,794,1426,943,1274,1427,792,945,792,1427
20,2,4,8,1457,794,1606,943,1454,1607,792,945,792,1607
20,2,4,9,1638,794,1787,943,1635,1788,792,945,792,1788
21,1,0,0,18,79,167,228,17,168,77,228,77,168
21,1,0,1,197,79,346,228,196,347,77,228,77,347
21,1,0,2,375,79,524,228,374,525,77,228,77,525
21,1,0,3,554,79,703,228,553,704,77,228,77,704
21,1,0,4,731,79,880,228,731,881,77,228,77,881
21,1,0,5,910,79,1059,228,910,1060,77,228,77,1060
21,1,0,6,1089,79,1238,228,1088,1239,77,228,77,1239
21,1,0,7,1268,79,1417,228,1267,1418,77,228,77,1418
21,1,0,8,1445,79,1594,228,1445,1596,77,228,77,1595
21,1,0,9,1624,79,1773,228,1624,1775,77,228,77,1774
21,1,1,0,18,259,167,408,17,168,256,407,257,168
21,1,1,1,197,258,346,407,196,347,256,407,256,347
21,1,1,2,375,258,524,407,374,525,256,407,256,525
21,1,1,3,554,258,703,407,553,704,256,407,256,704
21,1,1,4,731,258,880,407,731,881,256,407,256,881
21,1,1,5,910,258,1059,407,910,1060,256,407,256,1060
21,1,1,6,1088,258,1237,407,1088,1239,256,407,256,1238
21,1,1,7,1268,258,1417,407,1267,1418,256,407,256,1418
21,1,1,8,1445,259,1594,408,1445,1596,256,407,257,1595
21,1,1,9,1624,258,1773,407,1624,1775,256,407,256,1774
21,1,2,0,18,433,167,582,17,168,431,586,431,168
21,1,2,1,197,438,346,587,196,347,431,586,436,347
21,1,2,2,375,438,524,587,374,525,431,586,436,525
21,1,2,3,554,438,703,587,553,704,431,586,436,704
21,1,2,4,731,438,880,587,731,881,431,586,436,881
21,1,2,5,910,438,1059,587,910,1060,431,586,436,1060
21,1,2,6,1088,438,1237,587,1088,1239,431,586,436,1238
21,1,2,7,1268,438,1417,587,1267,1418,431,586,436,1418
21,1,2,8,1445,438,1594,587,1445,1596,431,586,436,1595
21,1,2,9,1624,438,1773,587,1624,1775,431,586,436,1774
21,1,3,0,18,617,167,766,17,168,614,766,615,168
21,1,3,1,197,617,346,766,196,347,614,766,615,347
21,1,3,2,375,616,524,765,374,525,614,766,614,525
21,1,3,3,554,616,703,765,553,704,614,766,614,704
21,1,3,4,731,617,880,766,731,881,614,766,615,881
21,1,3,5,910,617,1059,766,910,1060,614,766,615,1060
21,1,3,6,1089,616,1238,765,1088,1239,614,766,614,1239
21,1,3,7,1268,617,1417,766,1267,1418,614,766,615,1418
21,1,3,8,1445,616,1594,765,1445,1596,614,766,614,1595
21,1,3,9,1624,616,1773,765,1624,1775,614,766,614,1774
21,1,4,0,18,796,167,945,17,168,794,945,794,168
21,1,4,1,197,796,346,945,196,347,794,945,794,347
21,1,4,2,375,796,524,945,374,525,794,945,794,525
21,1,4,3,554,796,703,945,553,704,794,945,794,704
21,1,4,4,731,796,880,945,731,881,794,945,794,881
21,1,4,5,911,796,1060,945,911,1061,794,945,794,1061
21,1,4,6,1088,796,1237,945,1088,1239,794,945,794,1238
21,1,4,7,1268,796,1417,945,1267,1418,794,945,794,1418
21,1,4,8,1445,796,1594,945,1445,1596,794,945,794,1595
21,1,4,9,1624,796,1773,945,1624,1775,794,945,794,1774
21,2,0,0,18,79,167,228,17,168,77,228,77,168
21,2,0,1,197,79,346,228,196,347,77,228,77,347
21,2,0,2,375,79,524,228,374,525,77,228,77,525
21,2,0,3,554,79,703,228,553,704,77,228,77,704
21,2,0,4,731,79,880,228,731,881,77,228,77,881
21,2,0,5,911,79,1060,228,911,1061,77,228,77,1061
21,2,0,6,1089,79,1238,228,1088,1239,77,228,77,1239
21,2,0,7,1268,79,1417,228,1267,1418,77,228,77,1418
21,2,0,8,1445,79,1594,228,1445,1596,77,228,77,1595
21,2,0,9,1624,79,1773,228,1624,1775,77,228,77,1774
21,2,1,0,18,259,167,408,17,168,256,408,257,168
21,2,1,1,197,259,346,408,196,347,256,408,257,347
21,2,1,2,375,259,524,408,374,525,256,408,257,525
21,2,1,3,554,259,703,408,553,704,256,408,257,704
21,2,1,4,731,259,880,408,731,881,256,408,257,881
21,2,1,5,910,259,1059,408,910,1060,256,408,257,1060
21,2,1,6,1089,259,1238,408,1088,1239,256,408,257,1239
21,2,1,7,1268,259,1417,408,1267,1418,256,408,257,1418
21,2,1,8,1445,259,1594,408,1445,1596,256,408,257,1595
21,2,1,9,1624,259,1773,408,1624,1775,256,408,257,1774
21,2,2,0,18,438,167,587,17,168,436,586,436,168
21,2,2,1,197,438,346,587,196,347,436,586,436,347
21,2,2,2,375,438,524,587,374,525,436,586,436,525
21,2,2,3,554,438,703,587,553,704,436,586,436,704
21,2,2,4,731,438,880,587,731,881,436,586,436,881
21,2,2,5,910,438,1059,587,910,1061,436,586,436,1060
21,2,2,6,1088,438,1237,587,1088,1239,436,586,436,1238
21,2,2,7,1268,438,1417,587,1267,1418,436,586,436,1418
21,2,2,8,1445,438,1594,587,1445,1596,436,586,436,1595
21,2,2,9,1624,438,1773,587,1624,1775,436,586,436,1774
21,2,3,0,18,617,167,766,17,168,615,766,615,168
21,2,3,1,197,617,346,766,196,347,615,766,615,347
21,2,3,2,375,617,524,766,374,525,615,766,615,525
21,2,3,3,554,617,703,766,553,704,615,766,615,704
21,2,3,4,731,617,880,766,731,881,615,766,615,881
21,2,3,5,910,617,1059,766,910,1060,615,766,615,1060
21,2,3,6,1088,617,1237,766,1088,1239,615,766,615,1238
21,2,3,7,1268,617,1417,766,1267,1418,615,766,615,1418
21,2,3,8,1445,617,1594,766,1445,1596,615,766,615,1595
21,2,3,9,1624,617,1773,766,1624,1775,615,766,615,1774
21,2,4,0,18,796,167,945,17,168,794,945,794,168
21,2,4,1,197,796,346,945,196,347,794,945,794,347
21,2,4,2,375,796,524,945,374,525,794,945,794,525
21,2,4,3,554,796,703,945,553,704,794,945,794,704
21,2,4,4,731,796,880,945,731,881,794,945,794,881
21,2,4,5,910,796,1059,945,910,1060,794,945,794,1060
21,2,4,6,1089,796,1238,945,1088,1239,794,945,794,1239
21,2,4,7,1268,796,1417,945,1267,1418,794,945,794,1418
21,2,4,8,1445,796,1594,945,1445,1596,794,945,794,1595
21,2,4,9,1624,796,1773,945,1624,1775,794,945,794,1774
22,1,0,0,14,74,163,223,12,164,72,224,72,164
22,1,0,1,195,74,344,223,193,345,72,224,72,345
22,1,0,2,375,74,524,223,372,525,72,224,72,525
22,1,0,3,556,74,705,223,553,706,72,224,72,706
22,1,0,4,736,74,885,223,733,886,72,224,72,886
22,1,0,5,917,74,1066,223,914,1067,72,224,72,1067
22,1,0,6,1096,74,1245,223,1094,1246,72,224,72,1246
22,1,0,7,1277,74,1426,223,1275,1427,72,224,72,1427
22,1,0,8,1457,74,1606,223,1455,1607,72,224,72,1607
22,1,0,9,1638,74,1787,223,1636,1788,72,224,72,1788
22,1,1,0,14,255,163,404,12,164,253,405,253,164
22,1,1,1,195,255,344,404,193,345,253,405,253,345
22,1,1,2,375,255,524,404,372,525,253,405,253,525
22,1,1,3,556,255,705,404,553,706,253,405,253,706
22,1,1,4,736,255,885,404,733,886,253,405,253,886
22,1,1,5,917,255,1066,404,914,1067,253,405,253,1067
22,1,1,6,1096,255,1245,404,1094,1246,253,405,253,1246
22,1,1,7,1277,255,1426,404,1275,1427,253,405,253,1427
22,1,1,8,1457,255,1606,404,1455,1607,253,405,253,1607
22,1,1,9,1637,255,1786,404,1635,1787,253,405,253,1787
22,1,2,0,14,436,163,585,12,164,434,586,434,164
22,1,2,1,195,436,344,585,193,345,434,586,434,345
22,1,2,2,375,436,524,585,372,525,434,586,434,525
22,1,2,3,556,436,705,585,553,706,434,586,434,706
22,1,2,4,735,436,884,585,733,886,434,586,434,885
22,1,2,5,916,436,1065,585,914,1067,434,586,434,1066
22,1,2,6,1096,436,1245,585,1094,1246,434,586,434,1246
22,1,2,7,1277,436,1426,585,1275,1427,434,586,434,1427
22,1,2,8,1457,436,1606,585,1455,1607,434,586,434,1607
22,1,2,9,1638,436,1787,585,1636,1788,434,586,434,1788
22,1,3,0,14,617,163,766,12,164,615,767,615,164
22,1,3,1,195,617,344,766,193,345,615,767,615,345
22,1,3,2,375,617,524,766,372,525,615,767,615,525
22,1,3,3,556,617,705,766,553,706,615,767,615,706
22,1,3,4,736,617,885,766,733,886,615,767,615,886
22,1,3,5,917,617,1066,766,914,1067,615,767,615,1067
22,1,3,6,1096,617,1245,766,1094,1246,615,767,615,1246
22,1,3,7,1277,617,1426,766,1275,1427,615,767,615,1427
22,1,3,8,1457,617,1606,766,1455,1607,615,767,615,1607
22,1,3,9,1638,617,1787,766,1636,1788,615,767,615,1788
22,1,4,0,14,798,163,947,12,164,796,948,796,164
22,1,4,1,195,798,344,947,193,345,796,948,796,345
22,1,4,2,375,798,524,947,372,525,796,948,796,525
22,1,4,3,556,798,705,947,553,706,796,948,796,706
22,1,4,4,736,798,885,947,733,886,796,948,796,886
22,1,4,5,917,798,1066,947,914,1067,796,948,796,1067
22,1,4,6,1096,798,1245,947,1094,1246,796,948,796,1246
22,1,4,7,1277,798,1426,947,1275,1427,796,948,796,1427
22,1,4,8,1457,798,1606,947,1455,1607,796,948,796,1607
22,1,4,9,1638,798,1787,947,1636,1788,796,948,796,1788
22,2,0,0,14,75,163,224,12,164,72,225,73,164
22,2,0,1,195,75,344,224,193,345,72,225,73,345
22,2,0,2,375,75,524,224,372,525,72,225,73,525
22,2,0,3,556,75,705,224,553,706,72,225,73,706
22,2,0,4,736,75,885,224,733,886,72,225,73,886
22,2,0,5,917,75,1066,224,914,1067,72,225,73,1067
22,2,0,6,1096,75,1245,224,1094,1246,72,225,73,1246
22,2,0,7,1277,75,1426,224,1275,1427,72,225,73,1427
22,2,0,8,1457,75,1606,224,1455,1607,72,225,73,1607
22,2,0,9,1637,75,1786,224,1635,1787,72,225,73,1787
22,2,1,0,14,256,163,405,12,164,254,406,254,164
22,2,1,1,195,256,344,405,193,345,254,406,254,345
22,2,1,2,375,256,524,405,372,525,254,406,254,525
22,2,1,3,556,256,705,405,553,706,254,406,254,706
22,2,1,4,736,256,885,405,733,886,254,406,254,886
22,2,1,5,917,256,1066,405,914,1067,254,406,254,1067
22,2,1,6,1096,256,1245,405,1094,1246,254,406,254,1246
22,2,1,7,1277,256,1426,405,1275,1427,254,406,254,1427
22,2,1,8,1457,256,1606,405,1455,1607,254,406,254,1607
22,2,1,9,1638,256,1787,405,1636,1788,254,406,254,1788
22,2,2,0,14,437,163,586,12,164,435,587,435,164
22,2,2,1,195,437,344,586,193,345,435,587,435,345
22,2,2,2,375,437,524,586,372,525,435,587,435,525
22,2,2,3,556,437,705,586,553,706,435,587,435,706
22,2,2,4,736,437,885,586,733,886,435,587,435,886
22,2,2,5,917,437,1066,586,914,1067,435,587,435,1067
22,2,2,6,1096,437,1245,586,1094,1246,435,587,435,1246
22,2,2,7,1277,437,1426,586,1275,1427,435,587,435,1427
22,2,2,8,1457,437,1606,586,1455,1607,435,587,435,1607
22,2,2,9,1638,437,1787,586,1636,1788,435,587,435,1788
22,2,3,0,14,618,163,767,12,164,616,768,616,164
22,2,3,1,195,618,344,767,193,345,616,768,616,345
22,2,3,2,375,618,524,767,372,525,616,768,616,525
22,2,3,3,556,618,705,767,553,706,616,768,616,706
22,2,3,4,736,618,885,767,733,886,616,768,616,886
22,2,3,5,917,618,1066,767,915,1067,616,768,616,1067
22,2,3,6,1096,618,1245,767,1094,1246,616,768,616,1246
22,2,3,7,1277,618,1426,767,1275,1427,616,768,616,1427
22,2,3,8,1457,618,1606,767,1455,1607,616,768,616,1607
22,2,3,9,1637,618,1786,767,1635,1787,616,768,616,1787
22,2,4,0,14,799,163,948,12,164,797,949,797,164
22,2,4,1,195,799,344,948,193,345,797,949,797,345
22,2,4,2,375,799,524,948,372,525,797,949,797,525
22,2,4,3,556,799,705,948,553,706,797,949,797,706
22,2,4,4,736,799,885,948,733,886,797,949,797,886
22,2,4,5,917,799,1066,948,914,1067,797,949,797,1067
22,2,4,6,1096,799,1245,948,1094,1246,797,949,797,1246
22,2,4,7,1277,799,1426,948,1275,1427,797,949,797,1427
22,2,4,8,1457,799,1606,948,1455,1607,797,949,797,1607
22,2,4,9,1638,799,1787,948,1636,1788,797,949,797,1788
23,1,0,0,13,68,162,217,11,163,65,218,66,163
23,1,0,1,195,68,344,217,192,345,65,218,66,345
23,1,0,2,374,67,523,216,372,525,65,218,65,524
23,1,0,3,556,68,705,217,553,706,65,218,66,706
23,1,0,4,736,68,885,217,733,886,65,218,66,886
23,1,0,5,917,68,1066,217,914,1067,65,218,66,1067
23,1,0,6,1097,68,1246,217,1094,1247,65,218,66,1247
23,1,0,7,1278,68,1427,217,1275,1428,65,218,66,1428
23,1,0,8,1458,67,1607,216,1455,1608,65,218,65,1608
23,1,0,9,1638,68,1787,217,1636,1789,65,218,66,1788
23,1,1,0,13,249,162,398,11,163,246,399,247,163
23,1,1,1,194,249,343,398,192,345,246,399,247,344
23,1,1,2,374,249,523,398,372,524,246,399,247,524
23,1,1,3,556,249,705,398,553,706,246,399,247,706
23,1,1,4,736,249,885,398,733,886,246,399,247,886
23,1,1,5,917,249,1066,398,914,1067,246,399,247,1067
23,1,1,6,1097,249,1246,398,1094,1247,246,399,247,1247
23,1,1,7,1278,249,1427,398,1275,1428,246,399,247,1428
23,1,1,8,1458,249,1607,398,1455,1608,246,399,247,1608
23,1,1,9,1638,249,1787,398,1636,1789,246,399,247,1788
23,1,2,0,13,430,162,579,11,163,428,580,428,163
23,1,2,1,195,430,344,579,192,345,428,580,428,345
23,1,2,2,374,430,523,579,372,525,428,580,428,524
23,1,2,3,555,430,704,579,553,706,428,580,428,705
23,1,2,4,736,430,885,579,733,886,428,580,428,886
23,1,2,5,917,430,1066,579,914,1067,428,580,428,1067
23,1,2,6,1097,430,1246,579,1094,1247,428,580,428,1247
23,1,2,7,1277,430,1426,579,1275,1428,428,580,428,1427
23,1,2,8,1458,430,1607,579,1455,1608,428,580,428,1608
23,1,2,9,1638,430,1787,579,1636,1789,428,580,428,1788
23,1,3,0,13,611,162,760,11,163,609,761,609,163
23,1,3,1,195,611,344,760,192,345,609,761,609,345
23,1,3,2,374,611,523,760,372,524,609,761,609,524
23,1,3,3,556,611,705,760,553,706,609,761,609,706
23,1,3,4,736,611,885,760,733,886,609,761,609,886
23,1,3,5,917,611,1066,760,914,1067,609,761,609,1067
23,1,3,6,1097,611,1246,760,1094,1247,609,761,609,1247
23,1,3,7,1278,611,1427,760,1275,1428,609,761,609,1428
23,1,3,8,1458,611,1607,760,1455,1608,609,761,609,1608
23,1,3,9,1638,611,1787,760,1636,1789,609,761,609,1788
23,1,4,0,13,792,162,941,11,163,790,943,790,163
23,1,4,1,195,792,344,941,192,345,790,943,790,345
23,1,4,2,374,792,523,941,372,525,790,943,790,524
23,1,4,3,556,792,705,941,553,706,790,943,790,706
23,1,4,4,736,792,885,941,733,886,790,943,790,886
23,1,4,5,917,792,1066,941,914,1067,790,943,790,1067
23,1,4,6,1097,792,1246,941,1094,1247,790,943,790,1247
23,1,4,7,1278,792,1427,941,1275,1428,790,943,790,1428
23,1,4,8,1458,792,1607,941,1455,1608,790,943,790,1608
23,1,4,9,1638,792,1787,941,1636,1789,790,943,790,1788
23,2,0,0,13,67,162,216,11,163,65,218,65,163
23,2,0,1,195,67,344,216,192,345,65,218,65,345
23,2,0,2,374,67,523,216,372,525,65,218,65,524
23,2,0,3,556,67,705,216,553,706,65,218,65,706
23,2,0,4,736,67,885,216,733,886,65,218,65,886
23,2,0,5,917,67,1066,216,914,1067,65,218,65,1067
23,2,0,6,1097,67,1246,216,1094,1247,65,218,65,1247
23,2,0,7,1278,67,1427,216,1275,1428,65,218,65,1428
23,2,0,8,1458,67,1607,216,1455,1608,65,218,65,1608
23,2,0,9,1638,67,1787,216,1636,1789,65,218,65,1788
23,2,1,0,13,248,162,397,11,163,246,399,246,163
23,2,1,1,195,248,344,397,192,345,246,399,246,345
23,2,1,2,374,248,523,397,372,524,246,399,246,524
23,2,1,3,556,249,705,398,553,706,246,399,247,706
23,2,1,4,736,249,885,398,733,886,246,399,247,886
23,2,1,5,917,248,1066,397,914,1067,246,399,246,1067
23,2,1,6,1097,248,1246,397,1094,1247,246,399,246,1247
23,2,1,7,1278,248,1427,397,1275,1428,246,399,246,1428
23,2,1,8,1458,248,1607,397,1455,1608,246,399,246,1608
23,2,1,9,1638,248,1787,397,1636,1789,246,399,246,1788
23,2,2,0,13,430,162,579,11,163,427,580,428,163
23,2,2,1,195,430,344,579,192,345,427,580,428,345
23,2,2,2,374,430,523,579,372,525,427,580,428,524
23,2,2,3,556,430,705,579,553,706,427,580,428,706
23,2,2,4,736,430,885,579,733,886,427,580,428,886
23,2,2,5,917,430,1066,579,914,1067,427,580,428,1067
23,2,2,6,1097,430,1246,579,1094,1247,427,580,428,1247
23,2,2,7,1278,430,1427,579,1275,1428,427,580,428,1428
23,2,2,8,1458,430,1607,579,1455,1608,427,580,428,1608
23,2,2,9,1639,430,1788,579,1636,1789,427,580,428,1789
23,2,3,0,13,611,162,760,11,163,609,761,609,163
23,2,3,1,195,611,344,760,192,345,609,761,609,345
23,2,3,2,374,611,523,760,372,525,609,761,609,524
23,2,3,3,556,611,705,760,553,706,609,761,609,706
23,2,3,4,736,611,885,760,733,886,609,761,609,886
23,2,3,5,917,611,1066,760,915,1067,609,761,609,1067
23,2,3,6,1097,611,1246,760,1094,1247,609,761,609,1247
23,2,3,7,1278,611,1427,760,1275,1428,609,761,609,1428
23,2,3,8,1458,611,1607,760,1455,1608,609,761,609,1608
23,2,3,9,1638,611,1787,760,1636,1789,609,761,609,1788
23,2,4,0,13,792,162,941,11,163,790,943,790,163
23,2,4,1,195,792,344,941,192,345,790,943,790,345
23,2,4,2,374,792,523,941,372,524,790,943,790,524
23,2,4,3,556,792,705,941,553,706,790,943,790,706
23,2,4,4,736,792,885,941,733,886,790,943,790,886
23,2,4,5,917,792,1066,941,914,1067,790,943,790,1067
23,2,4,6,1097,792,1246,941,1094,1247,790,943,790,1247
23,2,4,7,1278,792,1427,941,1275,1428,790,943,790,1428
23,2,4,8,1458,792,1607,941,1455,1608,790,943,790,1608
23,2,4,9,1638,792,1787,941,1636,1789,790,943,790,1788
24,1,0,0,13,72,162,221,11,163,70,222,70,163
24,1,0,1,193,72,342,221,191,343,70,222,70,343
24,1,0,2,373,72,522,221,371,523,70,222,70,523
24,1,0,3,554,72,703,221,552,704,70,222,70,704
24,1,0,4,733,72,882,221,731,883,70,222,70,883
24,1,0,5,914,72,1063,221,912,1064,70,222,70,1064
24,1,0,6,1094,72,1243,221,1092,1244,70,222,70,1244
24,1,0,7,1275,72,1424,221,1272,1425,70,222,70,1425
24,1,0,8,1454,72,1603,221,1452,1604,70,222,70,1604
24,1,0,9,1635,72,1784,221,1633,1785,70,222,70,1785
24,1,1,0,13,253,162,402,11,163,251,403,251,163
24,1,1,1,193,253,342,402,191,343,251,403,251,343
24,1,1,2,373,253,522,402,371,523,251,403,251,523
24,1,1,3,554,253,703,402,552,704,251,403,251,704
24,1,1,4,733,253,882,402,731,883,251,403,251,883
24,1,1,5,914,253,1063,402,912,1064,251,403,251,1064
24,1,1,6,1094,253,1243,402,1092,1244,251,403,251,1244
24,1,1,7,1275,253,1424,402,1272,1425,251,403,251,1425
24,1,1,8,1454,253,1603,402,1452,1604,251,403,251,1604
24,1,1,9,1635,253,1784,402,1633,1785,251,403,251,1785
24,1,2,0,13,434,162,583,11,163,432,584,432,163
24,1,2,1,193,434,342,583,191,343,432,584,432,343
24,1,2,2,373,434,522,583,371,523,432,584,432,523
24,1,2,3,554,434,703,583,552,704,432,584,432,704
24,1,2,4,733,434,882,583,731,883,432,584,432,883
24,1,2,5,914,434,1063,583,912,1064,432,584,432,1064
24,1,2,6,1094,434,1243,583,1092,1244,432,584,432,1244
24,1,2,7,1275,434,1424,583,1272,1425,432,584,432,1425
24,1,2,8,1454,434,1603,583,1452,1604,432,584,432,1604
24,1,2,9,1635,434,1784,583,1633,1785,432,584,432,1785
24,1,3,0,13,614,162,763,11,163,612,765,612,163
24,1,3,1,193,614,342,763,191,343,612,765,612,343
24,1,3,2,373,614,522,763,371,523,612,765,612,523
24,1,3,3,554,614,703,763,552,704,612,765,612,704
24,1,3,4,733,614,882,763,731,883,612,765,612,883
24,1,3,5,914,614,1063,763,912,1064,612,765,612,1064
24,1,3,6,1094,614,1243,763,1092,1244,612,765,612,1244
24,1,3,7,1275,614,1424,763,1272,1425,612,765,612,1425
24,1,3,8,1454,614,1603,763,1452,1604,612,765,612,1604
24,1,3,9,1635,614,1784,763,1633,1785,612,765,612,1785
24,1,4,0,13,795,162,944,11,163,793,946,793,163
24,1,4,1,193,795,342,944,191,343,793,946,793,343
24,1,4,2,373,795,522,944,371,523,793,946,793,523
24,1,4,3,554,795,703,944,552,704,793,946,793,704
24,1,4,4,733,795,882,944,731,883,793,946,793,883
24,1,4,5,914,795,1063,944,912,1064,793,946,793,1064
24,1,4,6,1094,795,1243,944,1092,1244,793,946,793,1244
24,1,4,7,1275,795,1424,944,1272,1425,793,946,793,1425
24,1,4,8,1454,795,1603,944,1452,1604,793,946,793,1604
24,1,4,9,1635,795,1784,944,1633,1785,793,946,793,1785
24,2,0,0,13,71,162,220,11,163,69,221,69,163
24,2,0,1,193,71,342,220,191,343,69,221,69,343
24,2,0,2,373,71,522,220,371,523,69,221,69,523
24,2,0,3,554,71,703,220,552,704,69,221,69,704
24,2,0,4,733,71,882,220,731,883,69,221,69,883
24,2,0,5,914,71,1063,220,912,1064,69,221,69,1064
24,2,0,6,1094,71,1243,220,1092,1244,69,221,69,1244
24,2,0,7,1275,71,1424,220,1272,1425,69,221,69,1425
24,2,0,8,1454,71,1603,220,1452,1604,69,221,69,1604
24,2,0,9,1635,71,1784,220,1633,1785,69,221,69,1785
24,2,1,0,13,252,162,401,11,163,250,402,250,163
24,2,1,1,193,252,342,401,191,343,250,402,250,343
24,2,1,2,373,252,522,401,371,523,250,402,250,523
24,2,1,3,554,252,703,401,552,704,250,402,250,704
24,2,1,4,733,252,882,401,731,883,250,402,250,883
24,2,1,5,914,252,1063,401,912,1064,250,402,250,1064
24,2,1,6,1094,252,1243,401,1092,1244,250,402,250,1244
24,2,1,7,1275,252,1424,401,1272,1425,250,402,250,1425
24,2,1,8,1454,252,1603,401,1452,1604,250,402,250,1604
24,2,1,9,1635,252,1784,401,1633,1785,250,402,250,1785
24,2,2,0,13,433,162,582,11,163,431,583,431,163
24,2,2,1,193,433,342,582,191,343,431,583,431,343
24,2,2,2,373,433,522,582,371,523,431,583,431,523
24,2,2,3,554,433,703,582,552,704,431,583,431,704
24,2,2,4,733,433,882,582,731,883,431,583,431,883
24,2,2,5,914,433,1063,582,912,1064,431,583,431,1064
24,2,2,6,1094,433,1243,582,1092,1244,431,583,431,1244
24,2,2,7,1275,433,1424,582,1272,1425,431,583,431,1425
24,2,2,8,1454,433,1603,582,1452,1604,431,583,431,1604
24,2,2,9,1635,433,1784,582,1633,1785,431,583,431,1785
24,2,3,0,13,614,162,763,11,163,612,764,612,163
24,2,3,1,193,614,342,763,191,343,612,764,612,343
24,2,3,2,373,614,522,763,371,523,612,764,612,523
24,2,3,3,554,614,703,763,552,704,612,764,612,704
24,2,3,4,733,614,882,763,731,883,612,764,612,883
24,2,3,5,914,614,1063,763,912,1064,612,764,612,1064
24,2,3,6,1094,614,1243,763,1092,1244,612,764,612,1244
24,2,3,7,1275,614,1424,763,1272,1425,612,764,612,1425
24,2,3,8,1454,614,1603,763,1452,1604,612,764,612,1604
24,2,3,9,1635,614,1784,763,1633,1785,612,764,612,1785
24,2,4,0,13,795,162,944,11,163,792,945,793,163
24,2,4,1,193,795,342,944,191,343,792,945,793,343
24,2,4,2,373,795,522,944,371,523,792,945,793,523
24,2,4,3,554,795,703,944,552,704,792,945,793,704
24,2,4,4,733,795,882,944,731,883,792,945,793,883
24,2,4,5,914,795,1063,944,912,1064,792,945,793,1064
24,2,4,6,1094,795,1243,944,1092,1244,792,945,793,1244
24,2,4,7,1275,795,1424,944,1272,1425,792,945,793,1425
24,2,4,8,1454,795,1603,944,1452,1604,792,945,793,1604
24,2,4,9,1635,795,1784,944,1633,1785,792,945,793,1785
25,1,0,0,18,73,167,222,18,169,71,222,71,168
25,1,0,1,198,73,347,222,197,348,71,222,71,348
25,1,0,2,377,73,526,222,376,527,71,222,71,527
25,1,0,3,557,73,706,222,556,707,71,222,71,707
25,1,0,4,735,73,884,222,734,885,71,222,71,885
25,1,0,5,915,73,1064,222,914,1065,71,222,71,1065
25,1,0,6,1093,73,1242,222,1092,1243,71,222,71,1243
25,1,0,7,1273,73,1422,222,1272,1423,71,222,71,1423
25,1,0,8,1451,73,1600,222,1450,1601,71,222,71,1601
25,1,0,9,1631,73,1780,222,1630,1781,71,222,71,1781
25,1,1,0,19,253,168,402,18,169,251,402,251,169
25,1,1,1,198,253,347,402,197,348,251,402,251,348
25,1,1,2,377,253,526,402,376,527,251,402,251,527
25,1,1,3,557,253,706,402,556,707,251,402,251,707
25,1,1,4,735,253,884,402,734,885,251,402,251,885
25,1,1,5,915,253,1064,402,914,1065,251,402,251,1065
25,1,1,6,1093,253,1242,402,1092,1243,251,402,251,1243
25,1,1,7,1273,253,1422,402,1272,1423,251,402,251,1423
25,1,1,8,1451,253,1600,402,1450,1601,251,402,251,1601
25,1,1,9,1631,253,1780,402,1630,1781,251,402,251,1781
25,1,2,0,19,432,168,581,18,169,430,582,430,169
25,1,2,1,198,432,347,581,197,348,430,582,430,348
25,1,2,2,377,432,526,581,376,527,430,582,430,527
25,1,2,3,557,432,706,581,556,707,430,582,430,707
25,1,2,4,735,432,884,581,734,885,430,582,430,885
25,1,2,5,915,432,1064,581,914,1065,430,582,430,1065
25,1,2,6,1093,432,1242,581,1092,1243,430,582,430,1243
25,1,2,7,1273,432,1422,581,1272,1423,430,582,430,1423
25,1,2,8,1451,432,1600,581,1450,1601,430,582,430,1601
25,1,2,9,1631,432,1780,581,1630,1781,430,582,430,1781
25,1,3,0,19,612,168,761,18,169,610,761,610,169
25,1,3,1,198,612,347,761,197,349,610,761,610,348
25,1,3,2,377,612,526,761,376,527,610,761,610,527
25,1,3,3,557,612,706,761,556,707,610,761,610,707
25,1,3,4,735,612,884,761,734,885,610,761,610,885
25,1,3,5,915,612,1064,761,914,1065,610,761,610,1065
25,1,3,6,1093,612,1242,761,1092,1243,610,761,610,1243
25,1,3,7,1273,612,1422,761,1272,1423,610,761,610,1423
25,1,3,8,1451,612,1600,761,1450,1601,610,761,610,1601
25,1,3,9,1631,612,1780,761,1630,1781,610,761,610,1781
25,1,4,0,19,792,168,941,18,169,790,941,790,169
25,1,4,1,198,792,347,941,197,348,790,941,790,348
25,1,4,2,377,792,526,941,376,527,790,941,790,527
25,1,4,3,557,792,706,941,556,707,790,941,790,707
25,1,4,4,735,792,884,941,734,885,790,941,790,885
25,1,4,5,915,792,1064,941,913,1065,790,941,790,1065
25,1,4,6,1093,792,1242,941,1092,1243,790,941,790,1243
25,1,4,7,1273,792,1422,941,1272,1423,790,941,790,1423
25,1,4,8,1451,792,1600,941,1450,1601,790,941,790,1601
25,1,4,9,1631,792,1780,941,1630,1781,790,941,790,1781
25,2,0,0,19,75,168,224,18,169,73,223,73,169
25,2,0,1,198,75,347,224,197,348,73,223,73,348
25,2,0,2,377,75,526,224,376,527,73,223,73,527
25,2,0,3,557,75,706,224,556,707,73,223,73,707
25,2,0,4,735,75,884,224,734,885,73,223,73,885
25,2,0,5,915,75,1064,224,914,1065,73,223,73,1065
25,2,0,6,1093,75,1242,224,1092,1243,73,223,73,1243
25,2,0,7,1273,75,1422,224,1272,1423,73,223,73,1423
25,2,0,8,1451,75,1600,224,1450,1601,73,223,73,1601
25,2,0,9,1631,75,1780,224,1630,1781,73,223,73,1781
25,2,1,0,19,254,168,403,18,169,252,403,252,169
25,2,1,1,198,254,347,403,197,348,252,403,252,348
25,2,1,2,377,254,526,403,376,527,252,403,252,527
25,2,1,3,557,254,706,403,555,707,252,403,252,707
25,2,1,4,735,254,884,403,734,885,252,403,252,885
25,2,1,5,915,254,1064,403,914,1065,252,403,252,1065
25,2,1,6,1093,254,1242,403,1092,1243,252,403,252,1243
25,2,1,7,1273,254,1422,403,1272,1423,252,403,252,1423
25,2,1,8,1451,254,1600,403,1450,1601,252,403,252,1601
25,2,1,9,1631,254,1780,403,1630,1781,252,403,252,1781
25,2,2,0,19,433,168,582,18,169,431,583,431,169
25,2,2,1,198,433,347,582,197,348,431,583,431,348
25,2,2,2,377,433,526,582,376,527,431,583,431,527
25,2,2,3,557,433,706,582,556,707,431,583,431,707
25,2,2,4,735,433,884,582,734,885,431,583,431,885
25,2,2,5,915,433,1064,582,914,1065,431,583,431,1065
25,2,2,6,1093,433,1242,582,1092,1243,431,583,431,1243
25,2,2,7,1273,433,1422,582,1272,1423,431,583,431,1423
25,2,2,8,1451,433,1600,582,1450,1601,431,583,431,1601
25,2,2,9,1631,433,1780,582,1630,1781,431,583,431,1781
25,2,3,0,19,613,168,762,18,169,611,762,611,169
25,2,3,1,198,613,347,762,197,348,611,762,611,348
25,2,3,2,377,613,526,762,376,527,611,762,611,527
25,2,3,3,557,613,706,762,556,707,611,762,611,707
25,2,3,4,735,613,884,762,734,885,611,762,611,885
25,2,3,5,915,613,1064,762,914,1065,611,762,611,1065
25,2,3,6,1093,613,1242,762,1092,1243,611,762,611,1243
25,2,3,7,1273,613,1422,762,1272,1423,611,762,611,1423
25,2,3,8,1451,613,1600,762,1450,1601,611,762,611,1601
25,2,3,9,1631,613,1780,762,1630,1781,611,762,611,1781
25,2,4,0,19,793,168,942,18,169,791,942,791,169
25,2,4,1,198,793,347,942,197,348,791,942,791,348
25,2,4,2,377,793,526,942,376,527,791,942,791,527
25,2,4,3,557,793,706,942,556,707,791,942,791,707
25,2,4,4,735,793,884,942,734,885,791,942,791,885
25,2,4,5,915,793,1064,942,914,1065,791,942,791,1065
25,2,4,6,1093,793,1242,942,1092,1243,791,942,791,1243
25,2,4,7,1273,793,1422,942,1272,1423,791,942,791,1423
25,2,4,8,1451,793,1600,942,1450,1601,791,942,791,1601
25,2,4,9,1631,793,1780,942,1630,1781,791,942,791,1781
26,1,0,0,13,63,162,212,11,163,61,214,61,163
26,1,0,1,195,63,344,212,192,345,61,214,61,345
26,1,0,2,375,63,524,212,372,525,61,214,61,525
26,1,0,3,557,63,706,212,554,707,61,214,61,707
26,1,0,4,737,63,886,212,734,887,61,214,61,887
26,1,0,5,918,63,1067,212,916,1068,61,214,61,1068
26,1,0,6,1098,63,1247,212,1096,1249,61,214,61,1248
26,1,0,7,1280,63,1429,212,1277,1430,61,214,61,1430
26,1,0,8,1460,63,1609,212,1458,1610,61,214,61,1610
26,1,0,9,1642,63,1791,212,1639,1792,61,214,61,1792
26,1,1,0,13,245,162,394,11,163,242,395,243,163
26,1,1,1,195,245,344,394,192,345,242,395,243,345
26,1,1,2,375,245,524,394,372,525,242,395,243,525
26,1,1,3,557,245,706,394,554,707,242,395,243,707
26,1,1,4,737,245,886,394,734,887,242,395,243,887
26,1,1,5,918,245,1067,394,916,1068,242,395,243,1068
26,1,1,6,1098,245,1247,394,1096,1248,242,395,243,1248
26,1,1,7,1280,245,1429,394,1277,1430,242,395,243,1430
26,1,1,8,1460,245,1609,394,1458,1610,242,395,243,1610
26,1,1,9,1642,245,1791,394,1639,1792,242,395,243,1792
26,1,2,0,13,426,162,575,11,163,424,577,424,163
26,1,2,1,195,426,344,575,192,345,424,577,424,345
26,1,2,2,375,426,524,575,372,525,424,577,424,525
26,1,2,3,557,426,706,575,554,707,424,577,424,707
26,1,2,4,737,426,886,575,734,887,424,577,424,887
26,1,2,5,918,426,1067,575,916,1068,424,577,424,1068
26,1,2,6,1098,426,1247,575,1096,1248,424,577,424,1248
26,1,2,7,1280,426,1429,575,1277,1430,424,577,424,1430
26,1,2,8,1460,426,1609,575,1458,1610,424,577,424,1610
26,1,2,9,1642,426,1791,575,1639,1792,424,577,424,1792
26,1,3,0,13,608,162,757,11,163,606,758,606,163
26,1,3,1,195,608,344,757,192,345,606,758,606,345
26,1,3,2,375,608,524,757,372,525,606,758,606,525
26,1,3,3,557,608,706,757,554,707,606,758,606,707
26,1,3,4,737,608,886,757,734,887,606,758,606,887
26,1,3,5,918,608,1067,757,916,1068,606,758,606,1068
26,1,3,6,1098,608,1247,757,1096,1248,606,758,606,1248
26,1,3,7,1280,608,1429,757,1277,1430,606,758,606,1430
26,1,3,8,1460,608,1609,757,1458,1610,606,758,606,1610
26,1,3,9,1642,608,1791,757,1639,1792,606,758,606,1792
26,1,4,0,13,789,162,938,11,163,787,939,787,163
26,1,4,1,195,789,344,938,192,345,787,939,787,345
26,1,4,2,375,789,524,938,372,525,787,939,787,525
26,1,4,3,557,789,706,938,554,707,787,939,787,707
26,1,4,4,737,789,886,938,734,887,787,939,787,887
26,1,4,5,918,789,1067,938,916,1068,787,939,787,1068
26,1,4,6,1098,789,1247,938,1096,1249,787,939,787,1248
26,1,4,7,1280,789,1429,938,1277,1430,787,939,787,1430
26,1,4,8,1460,789,1609,938,1458,1610,787,939,787,1610
26,1,4,9,1642,789,1791,938,1639,1792,787,939,787,1792
26,2,0,0,13,63,162,212,11,163,61,214,61,163
26,2,0,1,195,63,344,212,192,345,61,214,61,345
26,2,0,2,375,63,524,212,372,525,61,214,61,525
26,2,0,3,557,63,706,212,554,707,61,214,61,707
26,2,0,4,737,63,886,212,734,887,61,214,61,887
26,2,0,5,918,63,1067,212,916,1068,61,214,61,1068
26,2,0,6,1098,63,1247,212,1096,1249,61,214,61,1248
26,2,0,7,1280,63,1429,212,1277,1430,61,214,61,1430
26,2,0,8,1460,63,1609,212,1458,1610,61,214,61,1610
26,2,0,9,1642,63,1791,212,1639,1792,61,214,61,1792
26,2,1,0,13,245,162,394,11,163,242,395,243,163
26,2,1,1,195,245,344,394,192,345,242,395,243,345
26,2,1,2,375,245,524,394,372,525,242,395,243,525
26,2,1,3,557,245,706,394,554,707,242,395,243,707
26,2,1,4,737,245,886,394,734,887,242,395,243,887
26,2,1,5,918,245,1067,394,916,1068,242,395,243,1068
26,2,1,6,1098,245,1247,394,1096,1248,242,395,243,1248
26,2,1,7,1280,245,1429,394,1277,1430,242,395,243,1430
26,2,1,8,1460,245,1609,394,1458,1610,242,395,243,1610
26,2,1,9,1642,245,1791,394,1639,1792,242,395,243,1792
26,2,2,0,13,426,162,575,11,163,424,577,424,163
26,2,2,1,195,426,344,575,192,345,424,577,424,345
26,2,2,2,375,426,524,575,372,525,424,577,424,525
26,2,2,3,557,426,706,575,554,707,424,577,424,707
26,2,2,4,737,426,886,575,734,887,424,577,424,887
26,2,2,5,918,426,1067,575,916,1068,424,577,424,1068
26,2,2,6,1098,426,1247,575,1096,1248,424,577,424,1248
26,2,2,7,1280,426,1429,575,1277,1430,424,577,424,1430
26,2,2,8,1460,426,1609,575,1458,1610,424,577,424,1610
26,2,2,9,1642,426,1791,575,1639,1792,424,577,424,1792
26,2,3,0,13,608,162,757,11,163,606,758,606,163
26,2,3,1,195,608,344,757,192,345,606,758,606,345
26,2,3,2,375,608,524,757,372,525,606,758,606,525
26,2,3,3,557,608,706,757,554,707,606,758,606,707
26,2,3,4,737,608,886,757,734,887,606,758,606,887
26,2,3,5,919,608,1068,757,916,1069,606,758,606,1069
26,2,3,6,1098,608,1247,757,1096,1248,606,758,606,1248
26,2,3,7,1280,608,1429,757,1277,1430,606,758,606,1430
26,2,3,8,1460,608,1609,757,1458,1610,606,758,606,1610
26,2,3,9,1642,608,1791,757,1639,1792,606,758,606,1792
26,2,4,0,13,789,162,938,11,163,787,940,787,163
26,2,4,1,195,789,344,938,192,345,787,940,787,345
26,2,4,2,375,789,524,938,372,525,787,940,787,525
26,2,4,3,556,789,705,938,554,707,787,940,787,706
26,2,4,4,737,789,886,938,734,887,787,940,787,887
26,2,4,5,918,789,1067,938,916,1068,787,940,787,1068
26,2,4,6,1098,789,1247,938,1096,1248,787,940,787,1248
26,2,4,7,1280,789,1429,938,1277,1430,787,940,787,1430
26,2,4,8,1460,789,1609,938,1458,1610,787,940,787,1610
26,2,4,9,1642,789,1791,938,1639,1792,787,940,787,1792
27,1,0,0,13,74,162,223,11,163,72,224,72,163
27,1,0,1,194,74,343,223,192,344,72,224,72,344
27,1,0,2,374,74,523,223,372,524,72,224,72,524
27,1,0,3,555,74,704,223,553,705,72,224,72,705
27,1,0,4,735,74,884,223,733,885,72,224,72,885
27,1,0,5,916,74,1065,223,914,1066,72,224,72,1066
27,1,0,6,1096,74,1245,223,1094,1246,72,224,72,1246
27,1,0,7,1277,74,1426,223,1275,1427,72,224,72,1427
27,1,0,8,1457,74,1606,223,1455,1607,72,224,72,1607
27,1,0,9,1638,74,1787,223,1636,1788,72,224,72,1788
27,1,1,0,13,255,162,404,11,163,253,405,253,163
27,1,1,1,194,255,343,404,192,344,253,405,253,344
27,1,1,2,374,255,523,404,372,524,253,405,253,524
27,1,1,3,555,255,704,404,553,705,253,405,253,705
27,1,1,4,735,255,884,404,733,885,253,405,253,885
27,1,1,5,916,255,1065,404,914,1066,253,405,253,1066
27,1,1,6,1096,255,1245,404,1094,1246,253,405,253,1246
27,1,1,7,1277,255,1426,404,1275,1427,253,405,253,1427
27,1,1,8,1457,255,1606,404,1455,1607,253,405,253,1607
27,1,1,9,1638,255,1787,404,1636,1788,253,405,253,1788
27,1,2,0,13,436,162,585,11,163,434,586,434,163
27,1,2,1,194,436,343,585,192,344,434,586,434,344
27,1,2,2,374,436,523,585,372,524,434,586,434,524
27,1,2,3,555,436,704,585,553,705,434,586,434,705
27,1,2,4,735,436,884,585,733,885,434,586,434,885
27,1,2,5,916,436,1065,585,914,1066,434,586,434,1066
27,1,2,6,1096,436,1245,585,1094,1246,434,586,434,1246
27,1,2,7,1277,436,1426,585,1275,1427,434,586,434,1427
27,1,2,8,1457,436,1606,585,1455,1607,434,586,434,1607
27,1,2,9,1638,436,1787,585,1636,1788,434,586,434,1788
27,1,3,0,13,617,162,766,11,163,615,767,615,163
27,1,3,1,194,617,343,766,192,344,615,767,615,344
27,1,3,2,374,617,523,766,372,524,615,767,615,524
27,1,3,3,555,617,704,766,553,705,615,767,615,705
27,1,3,4,735,617,884,766,733,885,615,767,615,885
27,1,3,5,916,617,1065,766,914,1066,615,767,615,1066
27,1,3,6,1096,617,1245,766,1094,1246,615,767,615,1246
27,1,3,7,1277,617,1426,766,1275,1427,615,767,615,1427
27,1,3,8,1457,617,1606,766,1455,1607,615,767,615,1607
27,1,3,9,1638,617,1787,766,1636,1788,615,767,615,1788
27,1,4,0,13,798,162,947,11,163,796,948,796,163
27,1,4,1,194,798,343,947,192,344,796,948,796,344
27,1,4,2,374,798,523,947,372,524,796,948,796,524
27,1,4,3,555,798,704,947,553,705,796,948,796,705
27,1,4,4,735,798,884,947,733,885,796,948,796,885
27,1,4,5,916,798,1065,947,914,1066,796,948,796,1066
27,1,4,6,1096,798,1245,947,1094,1246,796,948,796,1246
27,1,4,7,1277,798,1426,947,1275,1427,796,948,796,1427
27,1,4,8,1457,798,1606,947,1455,1607,796,948,796,1607
27,1,4,9,1638,798,1787,947,1636,1788,796,948,796,1788
27,2,0,0,13,74,162,223,11,163,72,223,72,163
27,2,0,1,194,74,343,223,195,344,72,223,72,344
27,2,0,2,374,74,523,223,375,521,72,223,72,524
27,2,0,3,555,74,704,223,560,705,72,223,72,705
27,2,0,4,735,74,884,223,733,885,72,223,72,885
27,2,0,5,916,74,1065,223,914,1066,72,223,72,1066
27,2,0,6,1096,74,1245,223,1094,1246,72,223,72,1246
27,2,0,7,1277,74,1426,223,1275,1427,72,223,72,1427
27,2,0,8,1457,74,1606,223,1455,1607,72,223,72,1607
27,2,0,9,1638,74,1787,223,1636,1788,72,223,72,1788
27,2,1,0,13,254,162,403,11,163,252,405,252,163
27,2,1,1,194,255,343,404,192,344,252,405,253,344
27,2,1,2,374,254,523,403,372,524,252,405,252,524
27,2,1,3,555,254,704,403,553,705,252,405,252,705
27,2,1,4,735,255,884,404,733,885,252,405,253,885
27,2,1,5,916,254,1065,403,914,1066,252,405,252,1066
27,2,1,6,1096,254,1245,403,1094,1246,252,405,252,1246
27,2,1,7,1277,255,1426,404,1275,1427,252,405,253,1427
27,2,1,8,1457,254,1606,403,1455,1607,252,405,252,1607
27,2,1,9,1638,254,1787,403,1636,1788,252,405,252,1788
27,2,2,0,13,436,162,585,11,163,434,586,434,163
27,2,2,1,194,436,343,585,192,344,434,586,434,344
27,2,2,2,374,436,523,585,372,524,434,586,434,524
27,2,2,3,555,436,704,585,553,705,434,586,434,705
27,2,2,4,735,436,884,585,733,885,434,586,434,885
27,2,2,5,916,436,1065,585,914,1066,434,586,434,1066
27,2,2,6,1096,436,1245,585,1094,1246,434,586,434,1246
27,2,2,7,1277,436,1426,585,1275,1427,434,586,434,1427
27,2,2,8,1457,436,1606,585,1454,1607,434,586,434,1607
27,2,2,9,1638,436,1787,585,1636,1788,434,586,434,1788
27,2,3,0,13,617,162,766,11,163,615,767,615,163
27,2,3,1,194,617,343,766,192,344,615,767,615,344
27,2,3,2,374,617,523,766,372,524,615,767,615,524
27,2,3,3,555,617,704,766,553,705,615,767,615,705
27,2,3,4,735,617,884,766,733,885,615,767,615,885
27,2,3,5,916,617,1065,766,914,1066,615,767,615,1066
27,2,3,6,1096,617,1245,766,1094,1246,615,767,615,1246
27,2,3,7,1277,617,1426,766,1275,1427,615,767,615,1427
27,2,3,8,1457,617,1606,766,1455,1607,615,767,615,1607
27,2,3,9,1638,617,1787,766,1636,1788,615,767,615,1788
27,2,4,0,13,798,162,947,11,163,796,948,796,163
27,2,4,1,194,798,343,947,192,344,796,948,796,344
27,2,4,2,374,798,523,947,372,524,796,948,796,524
27,2,4,3,555,798,704,947,553,705,796,948,796,705
27,2,4,4,735,798,884,947,733,885,796,948,796,885
27,2,4,5,916,798,1065,947,914,1066,796,948,796,1066
27,2,4,6,1096,798,1245,947,1094,1246,796,948,796,1246
27,2,4,7,1277,798,1426,947,1275,1427,796,948,796,1427
27,2,4,8,1457,798,1606,947,1455,1607,796,948,796,1607
27,2,4,9,1638,798,1787,947,1636,1788,796,948,796,1788
28,1,0,0,14,71,163,220,12,164,69,222,69,164
28,1,0,1,195,71,344,220,193,345,69,222,69,345
28,1,0,2,375,71,524,220,373,525,69,222,69,525
28,1,0,3,556,71,705,220,553,706,69,222,69,706
28,1,0,4,735,71,884,220,733,885,69,222,69,885
28,1,0,5,916,71,1065,220,914,1066,69,222,69,1066
28,1,0,6,1096,71,1245,220,1093,1246,69,222,69,1246
28,1,0,7,1276,71,1425,220,1274,1426,69,222,69,1426
28,1,0,8,1456,71,1605,220,1454,1606,69,222,69,1606
28,1,0,9,1637,71,1786,220,1634,1787,69,222,69,1787
28,1,1,0,14,252,163,401,12,164,250,402,250,164
28,1,1,1,195,252,344,401,193,345,250,402,250,345
28,1,1,2,375,252,524,401,373,525,250,402,250,525
28,1,1,3,556,252,705,401,553,706,250,402,250,706
28,1,1,4,735,252,884,401,733,885,250,402,250,885
28,1,1,5,916,252,1065,401,914,1066,250,402,250,1066
28,1,1,6,1096,252,1245,401,1093,1246,250,402,250,1246
28,1,1,7,1276,252,1425,401,1274,1426,250,402,250,1426
28,1,1,8,1456,252,1605,401,1454,1606,250,402,250,1606
28,1,1,9,1637,252,1786,401,1634,1787,250,402,250,1787
28,1,2,0,14,432,163,581,12,164,430,583,430,164
28,1,2,1,195,432,344,581,193,345,430,583,430,345
28,1,2,2,375,432,524,581,373,525,430,583,430,525
28,1,2,3,556,432,705,581,553,706,430,583,430,706
28,1,2,4,735,433,884,582,733,885,430,583,431,885
28,1,2,5,916,433,1065,582,914,1066,430,583,431,1066
28,1,2,6,1095,432,1244,581,1093,1246,430,583,430,1245
28,1,2,7,1276,432,1425,581,1274,1426,430,583,430,1426
28,1,2,8,1456,432,1605,581,1454,1606,430,583,430,1606
28,1,2,9,1637,433,1786,582,1634,1787,430,583,431,1787
28,1,3,0,14,614,163,763,12,165,612,764,612,164
28,1,3,1,195,614,344,763,193,345,612,764,612,345
28,1,3,2,375,614,524,763,373,525,612,764,612,525
28,1,3,3,556,614,705,763,553,706,612,764,612,706
28,1,3,4,735,614,884,763,733,885,612,764,612,885
28,1,3,5,916,614,1065,763,914,1066,612,764,612,1066
28,1,3,6,1096,614,1245,763,1093,1246,612,764,612,1246
28,1,3,7,1276,614,1425,763,1274,1426,612,764,612,1426
28,1,3,8,1456,614,1605,763,1454,1606,612,764,612,1606
28,1,3,9,1637,614,1786,763,1634,1787,612,764,612,1787
28,1,4,0,14,795,163,944,12,165,793,946,793,164
28,1,4,1,195,795,344,944,193,345,793,946,793,345
28,1,4,2,375,795,524,944,373,525,793,946,793,525
28,1,4,3,555,795,704,944,553,706,793,946,793,705
28,1,4,4,735,795,884,944,733,885,793,946,793,885
28,1,4,5,916,795,1065,944,914,1066,793,946,793,1066
28,1,4,6,1096,795,1245,944,1093,1246,793,946,793,1246
28,1,4,7,1276,795,1425,944,1274,1426,793,946,793,1426
28,1,4,8,1456,795,1605,944,1454,1606,793,946,793,1606
28,1,4,9,1637,795,1786,944,1634,1787,793,946,793,1787
28,2,0,0,14,72,163,221,12,164,70,222,70,164
28,2,0,1,195,72,344,221,193,345,70,222,70,345
28,2,0,2,375,72,524,221,373,525,70,222,70,525
28,2,0,3,556,72,705,221,553,706,70,222,70,706
28,2,0,4,735,72,884,221,733,885,70,222,70,885
28,2,0,5,916,72,1065,221,914,1066,70,222,70,1066
28,2,0,6,1096,72,1245,221,1093,1246,70,222,70,1246
28,2,0,7,1276,72,1425,221,1274,1426,70,222,70,1426
28,2,0,8,1456,72,1605,221,1454,1606,70,222,70,1606
28,2,0,9,1637,72,1786,221,1634,1787,70,222,70,1787
28,2,1,0,14,253,163,402,12,164,251,403,251,164
28,2,1,1,195,253,344,402,193,345,251,403,251,345
28,2,1,2,375,253,524,402,373,525,251,403,251,525
28,2,1,3,556,253,705,402,553,706,251,403,251,706
28,2,1,4,735,253,884,402,733,885,251,403,251,885
28,2,1,5,916,253,1065,402,914,1066,251,403,251,1066
28,2,1,6,1096,253,1245,402,1093,1246,251,403,251,1246
28,2,1,7,1276,253,1425,402,1274,1426,251,403,251,1426
28,2,1,8,1456,253,1605,402,1454,1606,251,403,251,1606
28,2,1,9,1637,253,1786,402,1634,1787,251,403,251,1787
28,2,2,0,14,434,163,583,12,164,432,584,432,164
28,2,2,1,195,434,344,583,193,345,432,584,432,345
28,2,2,2,375,434,524,583,373,525,432,584,432,525
28,2,2,3,556,434,705,583,553,706,432,584,432,706
28,2,2,4,735,434,884,583,733,885,432,584,432,885
28,2,2,5,916,434,1065,583,914,1066,432,584,432,1066
28,2,2,6,1096,434,1245,583,1093,1246,432,584,432,1246
28,2,2,7,1276,434,1425,583,1274,1426,432,584,432,1426
28,2,2,8,1456,434,1605,583,1454,1606,432,584,432,1606
28,2,2,9,1637,434,1786,583,1634,1787,432,584,432,1787
28,2,3,0,14,615,163,764,12,164,613,765,613,164
28,2,3,1,195,615,344,764,193,345,613,765,613,345
28,2,3,2,375,615,524,764,373,525,613,765,613,525
28,2,3,3,556,615,705,764,553,706,613,765,613,706
28,2,3,4,735,615,884,764,733,885,613,765,613,885
28,2,3,5,916,615,1065,764,914,1066,613,765,613,1066
28,2,3,6,1096,615,1245,764,1093,1246,613,765,613,1246
28,2,3,7,1276,615,1425,764,1274,1426,613,765,613,1426
28,2,3,8,1456,615,1605,764,1454,1606,613,765,613,1606
28,2,3,9,1637,615,1786,764,1634,1787,613,765,613,1787
28,2,4,0,14,795,163,944,12,164,793,946,793,164
28,2,4,1,195,796,344,945,193,345,793,946,794,345
28,2,4,2,375,795,524,944,372,525,793,946,793,525
28,2,4,3,556,796,705,945,553,706,793,946,794,706
28,2,4,4,735,795,884,944,733,885,793,946,793,885
28,2,4,5,916,795,1065,944,914,1066,793,946,793,1066
28,2,4,6,1095,796,1244,945,1093,1246,793,946,794,1245
28,2,4,7,1276,795,1425,944,1274,1426,793,946,793,1426
28,2,4,8,1456,795,1605,944,1454,1606,793,946,793,1606
28,2,4,9,1637,796,1786,945,1634,1787,793,946,794,1787
29,1,0,0,20,86,169,235,19,170,84,235,84,170
29,1,0,1,204,86,353,235,203,354,84,235,84,354
29,1,0,2,381,87,530,236,381,531,84,235,85,531
29,1,0,3,561,87,710,236,560,711,84,235,85,711
29,1,0,4,739,87,888,236,738,889,84,235,85,889
29,1,0,5,918,86,1067,235,918,1068,84,235,84,1068
29,1,0,6,1096,86,1245,235,1095,1246,84,235,84,1246
29,1,0,7,1275,86,1424,235,1274,1425,84,235,84,1425
29,1,0,8,1453,86,1602,235,1452,1603,84,235,84,1603
29,1,0,9,1632,87,1781,236,1631,1782,84,235,85,1782
29,1,1,0,25,266,174,415,24,175,264,414,264,175
29,1,1,1,204,266,353,415,203,354,264,414,264,354
29,1,1,2,381,266,530,415,381,531,264,414,264,531
29,1,1,3,561,266,710,415,560,711,264,414,264,711
29,1,1,4,739,266,888,415,739,889,264,414,264,889
29,1,1,5,918,266,1067,415,918,1068,264,414,264,1068
29,1,1,6,1096,266,1245,415,1095,1246,264,414,264,1246
29,1,1,7,1275,266,1424,415,1274,1425,264,414,264,1425
29,1,1,8,1453,266,1602,415,1452,1603,264,414,264,1603
29,1,1,9,1632,266,1781,415,1631,1782,264,414,264,1782
29,1,2,0,24,445,173,594,24,175,443,594,443,174
29,1,2,1,204,445,353,594,203,354,443,594,443,354
29,1,2,2,381,445,530,594,381,531,443,594,443,531
29,1,2,3,561,445,710,594,560,711,443,594,443,711
29,1,2,4,739,445,888,594,738,889,443,594,443,889
29,1,2,5,918,445,1067,594,918,1068,443,594,443,1068
29,1,2,6,1096,445,1245,594,1095,1246,443,594,443,1246
29,1,2,7,1275,445,1424,594,1274,1425,443,594,443,1425
29,1,2,8,1453,445,1602,594,1452,1603,443,594,443,1603
29,1,2,9,1632,445,1781,594,1631,1782,443,594,443,1782
29,1,3,0,25,624,174,773,24,175,622,773,622,175
29,1,3,1,204,624,353,773,203,354,622,773,622,354
29,1,3,2,382,624,531,773,381,532,622,773,622,532
29,1,3,3,561,624,710,773,560,711,622,773,622,711
29,1,3,4,739,624,888,773,738,889,622,773,622,889
29,1,3,5,918,624,1067,773,918,1068,622,773,622,1068
29,1,3,6,1096,624,1245,773,1095,1246,622,773,622,1246
29,1,3,7,1275,624,1424,773,1274,1425,622,773,622,1425
29,1,3,8,1453,624,1602,773,1452,1603,622,773,622,1603
29,1,3,9,1632,624,1781,773,1631,1782,622,773,622,1782
29,1,4,0,25,803,174,952,24,175,801,952,801,175
29,1,4,1,204,803,353,952,203,354,801,952,801,354
29,1,4,2,382,803,531,952,381,532,801,952,801,532
29,1,4,3,561,803,710,952,560,711,801,952,801,711
29,1,4,4,739,803,888,952,739,889,801,952,801,889
29,1,4,5,918,803,1067,952,918,1068,801,952,801,1068
29,1,4,6,1096,803,1245,952,1095,1246,801,952,801,1246
29,1,4,7,1275,803,1424,952,1274,1425,801,952,801,1425
29,1,4,8,1453,803,1602,952,1452,1603,801,952,801,1603
29,1,4,9,1632,803,1781,952,1631,1782,801,952,801,1782
29,2,0,0,25,87,174,236,24,175,84,235,85,175
29,2,0,1,204,87,353,236,203,354,84,235,85,354
29,2,0,2,381,87,530,236,381,531,84,235,85,531
29,2,0,3,561,87,710,236,560,711,84,235,85,711
29,2,0,4,739,87,888,236,738,889,84,235,85,889
29,2,0,5,918,87,1067,236,918,1068,84,235,85,1068
29,2,0,6,1096,87,1245,236,1095,1246,84,235,85,1246
29,2,0,7,1275,87,1424,236,1274,1425,84,235,85,1425
29,2,0,8,1453,87,1602,236,1452,1603,84,235,85,1603
29,2,0,9,1630,87,1779,236,1630,1780,84,235,85,1780
29,2,1,0,25,266,174,415,24,175,264,414,264,175
29,2,1,1,204,266,353,415,203,354,264,414,264,354
29,2,1,2,381,266,530,415,381,531,264,414,264,531
29,2,1,3,561,266,710,415,560,711,264,414,264,711
29,2,1,4,739,266,888,415,738,889,264,414,264,889
29,2,1,5,918,266,1067,415,918,1068,264,414,264,1068
29,2,1,6,1096,266,1245,415,1095,1246,264,414,264,1246
29,2,1,7,1275,266,1424,415,1274,1425,264,414,264,1425
29,2,1,8,1453,266,1602,415,1452,1603,264,414,264,1603
29,2,1,9,1630,266,1779,415,1630,1780,264,414,264,1780
29,2,2,0,25,445,174,594,24,175,443,594,443,175
29,2,2,1,204,445,353,594,203,354,443,594,443,354
29,2,2,2,381,445,530,594,381,531,443,594,443,531
29,2,2,3,561,445,710,594,560,711,443,594,443,711
29,2,2,4,739,445,888,594,738,889,443,594,443,889
29,2,2,5,918,445,1067,594,918,1068,443,594,443,1068
29,2,2,6,1096,445,1245,594,1095,1246,443,594,443,1246
29,2,2,7,1275,445,1424,594,1274,1425,443,594,443,1425
29,2,2,8,1453,445,1602,594,1452,1603,443,594,443,1603
29,2,2,9,1630,445,1779,594,1630,1780,443,594,443,1780
29,2,3,0,25,624,174,773,24,175,621,772,622,175
29,2,3,1,204,624,353,773,203,354,621,772,622,354
29,2,3,2,381,624,530,773,381,531,621,772,622,531
29,2,3,3,561,624,710,773,560,711,621,772,622,711
29,2,3,4,739,624,888,773,738,889,621,772,622,889
29,2,3,5,918,624,1067,773,918,1068,621,772,622,1068
29,2,3,6,1096,624,1245,773,1095,1246,621,772,622,1246
29,2,3,7,1275,624,1424,773,1274,1425,621,772,622,1425
29,2,3,8,1453,624,1602,773,1452,1603,621,772,622,1603
29,2,3,9,1632,624,1781,773,1631,1782,621,772,622,1782
29,2,4,0,24,803,173,952,24,175,801,952,801,174
29,2,4,1,204,803,353,952,203,354,801,952,801,354
29,2,4,2,382,803,531,952,381,532,801,952,801,532
29,2,4,3,561,803,710,952,560,711,801,952,801,711
29,2,4,4,739,803,888,952,739,889,801,952,801,889
29,2,4,5,918,803,1067,952,918,1068,801,952,801,1068
29,2,4,6,1096,803,1245,952,1095,1246,801,952,801,1246
29,2,4,7,1275,803,1424,952,1274,1425,801,952,801,1425
29,2,4,8,1453,803,1602,952,1452,1603,801,952,801,1603
29,2,4,9,1632,803,1781,952,1631,1782,801,952,801,1782
30,1,0,0,18,77,167,226,17,168,75,226,75,168
30,1,0,1,198,77,347,226,197,348,75,226,75,348
30,1,0,2,377,77,526,226,376,527,75,226,75,527
30,1,0,3,557,77,706,226,556,708,75,226,75,707
30,1,0,4,736,77,885,226,735,887,75,226,75,886
30,1,0,5,917,77,1066,226,915,1067,75,226,75,1067
30,1,0,6,1096,77,1245,226,1094,1246,75,226,75,1246
30,1,0,7,1276,77,1425,226,1274,1426,75,226,75,1426
30,1,0,8,1455,77,1604,226,1453,1605,75,226,75,1605
30,1,0,9,1635,77,1784,226,1633,1785,75,226,75,1785
30,1,1,0,18,257,167,406,16,168,255,406,255,168
30,1,1,1,198,257,347,406,197,348,255,406,255,348
30,1,1,2,377,257,526,406,376,527,255,406,255,527
30,1,1,3,557,257,706,406,556,707,255,406,255,707
30,1,1,4,736,257,885,406,735,887,255,406,255,886
30,1,1,5,917,257,1066,406,915,1067,255,406,255,1067
30,1,1,6,1096,257,1245,406,1094,1246,255,406,255,1246
30,1,1,7,1276,257,1425,406,1274,1426,255,406,255,1426
30,1,1,8,1455,257,1604,406,1453,1605,255,406,255,1605
30,1,1,9,1635,257,1784,406,1633,1785,255,406,255,1785
30,1,2,0,18,438,167,587,16,168,435,587,436,168
30,1,2,1,198,438,347,587,197,348,435,587,436,348
30,1,2,2,377,438,526,587,376,527,435,587,436,527
30,1,2,3,557,438,706,587,556,708,435,587,436,707
30,1,2,4,736,438,885,587,735,887,435,587,436,886
30,1,2,5,917,438,1066,587,915,1067,435,587,436,1067
30,1,2,6,1096,438,1245,587,1094,1246,435,587,436,1246
30,1,2,7,1276,438,1425,587,1274,1426,435,587,436,1426
30,1,2,8,1455,438,1604,587,1453,1605,435,587,436,1605
30,1,2,9,1635,438,1784,587,1633,1785,435,587,436,1785
30,1,3,0,18,618,167,767,16,168,616,767,616,168
30,1,3,1,198,618,347,767,197,348,616,767,616,348
30,1,3,2,377,618,526,767,376,527,616,767,616,527
30,1,3,3,557,618,706,767,556,708,616,767,616,707
30,1,3,4,736,618,885,767,735,887,616,767,616,886
30,1,3,5,917,618,1066,767,915,1067,616,767,616,1067
30,1,3,6,1096,618,1245,767,1094,1246,616,767,616,1246
30,1,3,7,1276,618,1425,767,1274,1426,616,767,616,1426
30,1,3,8,1455,618,1604,767,1453,1605,616,767,616,1605
30,1,3,9,1635,618,1784,767,1633,1785,616,767,616,1785
30,1,4,0,18,798,167,947,16,168,796,948,796,168
30,1,4,1,198,798,347,947,197,348,796,948,796,348
30,1,4,2,377,798,526,947,376,527,796,948,796,527
30,1,4,3,557,798,706,947,556,707,796,948,796,707
30,1,4,4,736,798,885,947,735,887,796,948,796,886
30,1,4,5,917,798,1066,947,915,1067,796,948,796,1067
30,1,4,6,1096,798,1245,947,1094,1246,796,948,796,1246
30,1,4,7,1276,798,1425,947,1274,1426,796,948,796,1426
30,1,4,8,1455,798,1604,947,1453,1605,796,948,796,1605
30,1,4,9,1635,798,1784,947,1633,1785,796,948,796,1785
30,2,0,0,18,77,167,226,16,168,75,227,75,168
30,2,0,1,198,77,347,226,197,348,75,227,75,348
30,2,0,2,377,77,526,226,376,527,75,227,75,527
30,2,0,3,557,77,706,226,556,707,75,227,75,707
30,2,0,4,736,77,885,226,735,887,75,227,75,886
30,2,0,5,917,77,1066,226,915,1067,75,227,75,1067
30,2,0,6,1096,77,1245,226,1094,1246,75,227,75,1246
30,2,0,7,1276,77,1425,226,1274,1426,75,227,75,1426
30,2,0,8,1455,77,1604,226,1453,1605,75,227,75,1605
30,2,0,9,1635,77,1784,226,1633,1785,75,227,75,1785
30,2,1,0,18,257,167,406,16,168,255,407,255,168
30,2,1,1,198,257,347,406,197,348,255,407,255,348
30,2,1,2,377,257,526,406,376,527,255,407,255,527
30,2,1,3,557,258,706,407,556,708,255,407,256,707
30,2,1,4,736,257,885,406,735,887,255,407,255,886
30,2,1,5,917,257,1066,406,915,1067,255,407,255,1067
30,2,1,6,1096,257,1245,406,1094,1246,255,407,255,1246
30,2,1,7,1276,257,1425,406,1274,1426,255,407,255,1426
30,2,1,8,1455,257,1604,406,1453,1605,255,407,255,1605
30,2,1,9,1635,257,1784,406,1633,1785,255,407,255,1785
30,2,2,0,18,438,167,587,16,168,436,587,436,168
30,2,2,1,198,438,347,587,197,348,436,587,436,348
30,2,2,2,377,438,526,587,376,527,436,587,436,527
30,2,2,3,557,438,706,587,556,707,436,587,436,707
30,2,2,4,736,438,885,587,735,887,436,587,436,886
30,2,2,5,917,438,1066,587,915,1067,436,587,436,1067
30,2,2,6,1096,438,1245,587,1094,1246,436,587,436,1246
30,2,2,7,1276,438,1425,587,1274,1426,436,587,436,1426
30,2,2,8,1455,438,1604,587,1453,1605,436,587,436,1605
30,2,2,9,1635,438,1784,587,1633,1785,436,587,436,1785
30,2,3,0,18,618,167,767,16,168,616,767,616,168
30,2,3,1,198,618,347,767,197,348,616,767,616,348
30,2,3,2,377,618,526,767,376,527,616,767,616,527
30,2,3,3,557,618,706,767,556,708,616,767,616,707
30,2,3,4,736,618,885,767,735,887,616,767,616,886
30,2,3,5,917,618,1066,767,915,1067,616,767,616,1067
30,2,3,6,1096,618,1245,767,1094,1246,616,767,616,1246
30,2,3,7,1276,618,1425,767,1274,1426,616,767,616,1426
30,2,3,8,1455,618,1604,767,1453,1605,616,767,616,1605
30,2,3,9,1635,618,1784,767,1633,1785,616,767,616,1785
30,2,4,0,18,798,167,947,17,168,796,948,796,168
30,2,4,1,198,798,347,947,197,348,796,948,796,348
30,2,4,2,377,798,526,947,376,527,796,948,796,527
30,2,4,3,557,798,706,947,556,708,796,948,796,707
30,2,4,4,736,798,885,947,735,887,796,948,796,886
30,2,4,5,917,798,1066,947,916,1067,796,948,796,1067
30,2,4,6,1096,799,1245,948,1094,1246,796,948,797,1246
30,2,4,7,1276,798,1425,947,1274,1426,796,948,796,1426
30,2,4,8,1455,798,1604,947,1453,1605,796,948,796,1605
30,2,4,9,1635,798,1784,947,1633,1785,796,948,796,1785
31,1,0,0,13,77,162,226,11,163,74,227,75,163
31,1,0,1,195,77,344,226,192,345,74,227,75,345
31,1,0,2,375,77,524,226,372,525,74,227,75,525
31,1,0,3,556,77,705,226,553,706,74,227,75,706
31,1,0,4,736,77,885,226,733,886,74,227,75,886
31,1,0,5,917,77,1066,226,914,1067,74,227,75,1067
31,1,0,6,1097,77,1246,226,1094,1247,74,227,75,1247
31,1,0,7,1278,77,1427,226,1276,1428,74,227,75,1428
31,1,0,8,1458,77,1607,226,1456,1608,74,227,75,1608
31,1,0,9,1639,77,1788,226,1637,1789,74,227,75,1789
31,1,1,0,13,258,162,407,11,163,256,408,256,163
31,1,1,1,195,258,344,407,192,345,256,408,256,345
31,1,1,2,375,258,524,407,372,525,256,408,256,525
31,1,1,3,556,258,705,407,553,706,256,408,256,706
31,1,1,4,736,258,885,407,733,886,256,408,256,886
31,1,1,5,917,258,1066,407,914,1067,256,408,256,1067
31,1,1,6,1097,258,1246,407,1094,1247,256,408,256,1247
31,1,1,7,1278,258,1427,407,1276,1428,256,408,256,1428
31,1,1,8,1458,258,1607,407,1456,1608,256,408,256,1608
31,1,1,9,1639,258,1788,407,1637,1789,256,408,256,1789
31,1,2,0,13,439,162,588,11,163,437,590,437,163
31,1,2,1,195,439,344,588,192,345,437,590,437,345
31,1,2,2,375,439,524,588,372,525,437,590,437,525
31,1,2,3,556,439,705,588,553,706,437,590,437,706
31,1,2,4,736,439,885,588,733,886,437,590,437,886
31,1,2,5,917,439,1066,588,914,1067,437,590,437,1067
31,1,2,6,1097,439,1246,588,1094,1247,437,590,437,1247
31,1,2,7,1278,439,1427,588,1276,1428,437,590,437,1428
31,1,2,8,1458,439,1607,588,1456,1608,437,590,437,1608
31,1,2,9,1639,439,1788,588,1637,1789,437,590,437,1789
31,1,3,0,13,620,162,769,11,163,618,771,618,163
31,1,3,1,195,620,344,769,192,345,618,771,618,345
31,1,3,2,375,620,524,769,372,525,618,771,618,525
31,1,3,3,556,620,705,769,553,706,618,771,618,706
31,1,3,4,736,620,885,769,733,886,618,771,618,886
31,1,3,5,917,620,1066,769,914,1067,618,771,618,1067
31,1,3,6,1097,620,1246,769,1094,1247,618,771,618,1247
31,1,3,7,1278,620,1427,769,1276,1428,618,771,618,1428
31,1,3,8,1458,620,1607,769,1456,1608,618,771,618,1608
31,1,3,9,1639,620,1788,769,1637,1789,618,771,618,1789
31,1,4,0,13,802,162,951,11,163,799,952,800,163
31,1,4,1,195,802,344,951,192,345,799,952,800,345
31,1,4,2,375,802,524,951,372,525,799,952,800,525
31,1,4,3,556,802,705,951,553,706,799,952,800,706
31,1,4,4,736,802,885,951,733,886,799,952,800,886
31,1,4,5,917,802,1066,951,914,1067,799,952,800,1067
31,1,4,6,1097,802,1246,951,1094,1247,799,952,800,1247
31,1,4,7,1278,802,1427,951,1276,1428,799,952,800,1428
31,1,4,8,1458,802,1607,951,1456,1608,799,952,800,1608
31,1,4,9,1639,802,1788,951,1637,1789,799,952,800,1789
31,2,0,0,13,77,162,226,11,163,75,228,75,163
31,2,0,1,195,77,344,226,192,345,75,228,75,345
31,2,0,2,375,77,524,226,372,525,75,228,75,525
31,2,0,3,556,77,705,226,553,706,75,228,75,706
31,2,0,4,740,77,889,226,738,890,75,228,75,890
31,2,0,5,917,77,1066,226,914,1067,75,228,75,1067
31,2,0,6,1097,77,1246,226,1094,1247,75,228,75,1247
31,2,0,7,1278,77,1427,226,1276,1428,75,228,75,1428
31,2,0,8,1458,77,1607,226,1456,1608,75,228,75,1608
31,2,0,9,1639,77,1788,226,1637,1789,75,228,75,1789
31,2,1,0,13,258,162,407,11,163,256,409,256,163
31,2,1,1,195,258,344,407,192,345,256,409,256,345
31,2,1,2,375,258,524,407,372,525,256,409,256,525
31,2,1,3,556,258,705,407,553,706,256,409,256,706
31,2,1,4,736,258,885,407,733,886,256,409,256,886
31,2,1,5,917,258,1066,407,914,1067,256,409,256,1067
31,2,1,6,1097,258,1246,407,1094,1247,256,409,256,1247
31,2,1,7,1278,258,1427,407,1276,1428,256,409,256,1428
31,2,1,8,1458,258,1607,407,1456,1608,256,409,256,1608
31,2,1,9,1639,258,1788,407,1637,1789,256,409,256,1789
31,2,2,0,13,440,162,589,11,163,438,590,438,163
31,2,2,1,195,440,344,589,192,345,438,590,438,345
31,2,2,2,375,440,524,589,372,525,438,590,438,525
31,2,2,3,556,440,705,589,553,706,438,590,438,706
31,2,2,4,736,440,885,589,733,886,438,590,438,886
31,2,2,5,917,440,1066,589,914,1067,438,590,438,1067
31,2,2,6,1097,440,1246,589,1094,1247,438,590,438,1247
31,2,2,7,1278,440,1427,589,1276,1428,438,590,438,1428
31,2,2,8,1458,440,1607,589,1456,1608,438,590,438,1608
31,2,2,9,1639,440,1788,589,1637,1789,438,590,438,1789
31,2,3,0,13,621,162,770,11,163,619,772,619,163
31,2,3,1,195,621,344,770,192,345,619,772,619,345
31,2,3,2,375,621,524,770,372,525,619,772,619,525
31,2,3,3,556,621,705,770,553,706,619,772,619,706
31,2,3,4,736,621,885,770,733,886,619,772,619,886
31,2,3,5,917,621,1066,770,914,1067,619,772,619,1067
31,2,3,6,1097,621,1246,770,1094,1247,619,772,619,1247
31,2,3,7,1278,621,1427,770,1276,1428,619,772,619,1428
31,2,3,8,1458,621,1607,770,1456,1608,619,772,619,1608
31,2,3,9,1639,621,1788,770,1637,1789,619,772,619,1789
31,2,4,0,13,802,162,951,11,163,800,953,800,163
31,2,4,1,195,802,344,951,192,345,800,953,800,345
31,2,4,2,375,802,524,951,372,525,800,953,800,525
31,2,4,3,556,802,705,951,553,706,800,953,800,706
31,2,4,4,736,802,885,951,733,886,800,953,800,886
31,2,4,5,917,802,1066,951,914,1067,800,953,800,1067
31,2,4,6,1097,802,1246,951,1094,1247,800,953,800,1247
31,2,4,7,1278,802,1427,951,1276,1428,800,953,800,1428
31,2,4,8,1458,802,1607,951,1456,1608,800,953,800,1608
31,2,4,9,1639,802,1788,951,1637,1789,800,953,800,1789
32,1,0,0,16,75,165,224,14,166,73,225,73,166
32,1,0,1,196,75,345,224,194,347,73,225,73,346
32,1,0,2,376,75,525,224,374,526,73,225,73,526
32,1,0,3,557,75,706,224,554,707,73,225,73,707
32,1,0,4,736,75,885,224,734,886,73,225,73,886
32,1,0,5,917,75,1066,224,915,1067,73,225,73,1067
32,1,0,6,1096,75,1245,224,1094,1246,73,225,73,1246
32,1,0,7,1277,75,1426,224,1275,1427,73,225,73,1427
32,1,0,8,1456,75,1605,224,1454,1606,73,225,73,1606
32,1,0,9,1637,75,1786,224,1635,1787,73,225,73,1787
32,1,1,0,16,256,165,405,14,166,254,406,254,166
32,1,1,1,196,256,345,405,194,346,254,406,254,346
32,1,1,2,376,256,525,405,374,526,254,406,254,526
32,1,1,3,557,256,706,405,554,707,254,406,254,707
32,1,1,4,736,256,885,405,734,886,254,406,254,886
32,1,1,5,917,256,1066,405,915,1067,254,406,254,1067
32,1,1,6,1096,256,1245,405,1094,1246,254,406,254,1246
32,1,1,7,1277,256,1426,405,1275,1427,254,406,254,1427
32,1,1,8,1456,256,1605,405,1454,1606,254,406,254,1606
32,1,1,9,1637,256,1786,405,1635,1787,254,406,254,1787
32,1,2,0,16,437,165,586,14,166,435,586,435,166
32,1,2,1,196,437,345,586,194,346,435,586,435,346
32,1,2,2,376,437,525,586,374,526,435,586,435,526
32,1,2,3,557,437,706,586,554,707,435,586,435,707
32,1,2,4,736,437,885,586,734,886,435,586,435,886
32,1,2,5,917,437,1066,586,915,1067,435,586,435,1067
32,1,2,6,1096,437,1245,586,1094,1246,435,586,435,1246
32,1,2,7,1277,437,1426,586,1275,1427,435,586,435,1427
32,1,2,8,1456,437,1605,586,1454,1606,435,586,435,1606
32,1,2,9,1637,437,1786,586,1635,1787,435,586,435,1787
32,1,3,0,16,617,165,766,14,166,615,767,615,166
32,1,3,1,196,617,345,766,194,346,615,767,615,346
32,1,3,2,376,617,525,766,374,526,615,767,615,526
32,1,3,3,557,617,706,766,554,707,615,767,615,707
32,1,3,4,736,617,885,766,734,886,615,767,615,886
32,1,3,5,917,617,1066,766,914,1067,615,767,615,1067
32,1,3,6,1096,617,1245,766,1094,1246,615,767,615,1246
32,1,3,7,1277,617,1426,766,1275,1427,615,767,615,1427
32,1,3,8,1456,617,1605,766,1454,1606,615,767,615,1606
32,1,3,9,1637,617,1786,766,1635,1787,615,767,615,1787
32,1,4,0,16,798,165,947,14,166,796,948,796,166
32,1,4,1,196,798,345,947,194,346,796,948,796,346
32,1,4,2,376,798,525,947,374,526,796,948,796,526
32,1,4,3,557,798,706,947,554,707,796,948,796,707
32,1,4,4,736,798,885,947,734,886,796,948,796,886
32,1,4,5,917,798,1066,947,914,1067,796,948,796,1067
32,1,4,6,1096,798,1245,947,1094,1246,796,948,796,1246
32,1,4,7,1277,798,1426,947,1275,1427,796,948,796,1427
32,1,4,8,1456,798,1605,947,1454,1606,796,948,796,1606
32,1,4,9,1637,798,1786,947,1635,1787,796,948,796,1787
32,2,0,0,16,75,165,224,14,166,73,225,73,166
32,2,0,1,196,75,345,224,194,346,73,225,73,346
32,2,0,2,376,75,525,224,374,526,73,225,73,526
32,2,0,3,556,75,705,224,554,707,73,225,73,706
32,2,0,4,736,75,885,224,734,886,73,225,73,886
32,2,0,5,917,75,1066,224,914,1067,73,225,73,1067
32,2,0,6,1096,75,1245,224,1094,1246,73,225,73,1246
32,2,0,7,1277,75,1426,224,1275,1427,73,225,73,1427
32,2,0,8,1456,75,1605,224,1454,1606,73,225,73,1606
32,2,0,9,1637,75,1786,224,1635,1787,73,225,73,1787
32,2,1,0,16,256,165,405,14,166,253,405,254,166
32,2,1,1,196,256,345,405,194,347,253,405,254,346
32,2,1,2,376,256,525,405,374,526,253,405,254,526
32,2,1,3,556,256,705,405,554,707,253,405,254,706
32,2,1,4,736,256,885,405,734,886,253,405,254,886
32,2,1,5,917,256,1066,405,915,1067,253,405,254,1067
32,2,1,6,1096,256,1245,405,1094,1246,253,405,254,1246
32,2,1,7,1277,256,1426,405,1275,1427,253,405,254,1427
32,2,1,8,1456,256,1605,405,1454,1606,253,405,254,1606
32,2,1,9,1637,256,1786,405,1635,1787,253,405,254,1787
32,2,2,0,16,436,165,585,14,166,434,586,434,166
32,2,2,1,196,436,345,585,194,346,434,586,434,346
32,2,2,2,376,436,525,585,374,526,434,586,434,526
32,2,2,3,557,436,706,585,554,707,434,586,434,707
32,2,2,4,736,436,885,585,734,886,434,586,434,886
32,2,2,5,917,436,1066,585,915,1067,434,586,434,1067
32,2,2,6,1096,436,1245,585,1094,1246,434,586,434,1246
32,2,2,7,1277,436,1426,585,1275,1427,434,586,434,1427
32,2,2,8,1456,436,1605,585,1454,1606,434,586,434,1606
32,2,2,9,1637,436,1786,585,1635,1787,434,586,434,1787
32,2,3,0,16,617,165,766,14,166,615,767,615,166
32,2,3,1,196,617,345,766,194,346,615,767,615,346
32,2,3,2,376,617,525,766,374,526,615,767,615,526
32,2,3,3,557,617,706,766,554,707,615,767,615,707
32,2,3,4,736,617,885,766,734,886,615,767,615,886
32,2,3,5,917,617,1066,766,914,1067,615,767,615,1067
32,2,3,6,1096,617,1245,766,1094,1246,615,767,615,1246
32,2,3,7,1277,617,1426,766,1275,1427,615,767,615,1427
32,2,3,8,1456,617,1605,766,1454,1606,615,767,615,1606
32,2,3,9,1637,617,1786,766,1635,1787,615,767,615,1787
32,2,4,0,16,798,165,947,14,166,796,948,796,166
32,2,4,1,196,798,345,947,194,347,796,948,796,346
32,2,4,2,376,798,525,947,374,526,796,948,796,526
32,2,4,3,557,798,706,947,554,707,796,948,796,707
32,2,4,4,736,798,885,947,734,886,796,948,796,886
32,2,4,5,916,798,1065,947,914,1067,796,948,796,1066
32,2,4,6,1096,798,1245,947,1094,1246,796,948,796,1246
32,2,4,7,1277,798,1426,947,1275,1427,796,948,796,1427
32,2,4,8,1456,798,1605,947,1454,1606,796,948,796,1606
32,2,4,9,1637,798,1786,947,1635,1787,796,948,796,1787
33,1,0,0,10,71,159,220,8,160,69,222,69,160
33,1,0,1,191,71,340,220,189,341,69,222,69,341
33,1,0,2,371,71,520,220,369,521,69,222,69,521
33,1,0,3,552,71,701,220,550,702,69,222,69,702
33,1,0,4,732,71,881,220,730,882,69,222,69,882
33,1,0,5,913,71,1062,220,911,1063,69,222,69,1063
33,1,0,6,1093,71,1242,220,1091,1243,69,222,69,1243
33,1,0,7,1274,71,1423,220,1271,1424,69,222,69,1424
33,1,0,8,1453,71,1602,220,1451,1603,69,222,69,1603
33,1,0,9,1634,71,1783,220,1632,1784,69,222,69,1784
33,1,1,0,10,252,159,401,8,160,250,403,250,160
33,1,1,1,191,252,340,401,189,341,250,403,250,341
33,1,1,2,371,252,520,401,369,521,250,403,250,521
33,1,1,3,552,252,701,401,550,702,250,403,250,702
33,1,1,4,732,252,881,401,730,882,250,403,250,882
33,1,1,5,913,252,1062,401,911,1063,250,403,250,1063
33,1,1,6,1093,252,1242,401,1091,1243,250,403,250,1243
33,1,1,7,1274,252,1423,401,1271,1424,250,403,250,1424
33,1,1,8,1453,252,1602,401,1451,1603,250,403,250,1603
33,1,1,9,1634,252,1783,401,1632,1784,250,403,250,1784
33,1,2,0,10,433,159,582,8,160,431,584,431,160
33,1,2,1,191,433,340,582,189,341,431,584,431,341
33,1,2,2,371,433,520,582,369,521,431,584,431,521
33,1,2,3,552,433,701,582,550,702,431,584,431,702
33,1,2,4,732,433,881,582,730,882,431,584,431,882
33,1,2,5,913,433,1062,582,911,1063,431,584,431,1063
33,1,2,6,1093,433,1242,582,1091,1243,431,584,431,1243
33,1,2,7,1274,433,1423,582,1271,1424,431,584,431,1424
33,1,2,8,1453,433,1602,582,1451,1603,431,584,431,1603
33,1,2,9,1634,433,1783,582,1632,1784,431,584,431,1784
33,1,3,0,10,614,159,763,8,161,612,765,612,160
33,1,3,1,191,615,340,764,189,341,612,765,613,341
33,1,3,2,371,615,520,764,369,521,612,765,613,521
33,1,3,3,552,614,701,763,550,702,612,765,612,702
33,1,3,4,732,614,881,763,730,882,612,765,612,882
33,1,3,5,913,614,1062,763,911,1063,612,765,612,1063
33,1,3,6,1093,615,1242,764,1091,1243,612,765,613,1243
33,1,3,7,1274,614,1423,763,1271,1424,612,765,612,1424
33,1,3,8,1453,615,1602,764,1451,1603,612,765,613,1603
33,1,3,9,1634,614,1783,763,1632,1784,612,765,612,1784
33,1,4,0,10,796,159,945,8,160,793,946,794,160
33,1,4,1,191,796,340,945,189,341,793,946,794,341
33,1,4,2,371,796,520,945,369,521,793,946,794,521
33,1,4,3,552,796,701,945,550,702,793,946,794,702
33,1,4,4,732,796,881,945,730,882,793,946,794,882
33,1,4,5,913,796,1062,945,911,1063,793,946,794,1063
33,1,4,6,1093,796,1242,945,1091,1243,793,946,794,1243
33,1,4,7,1274,796,1423,945,1271,1424,793,946,794,1424
33,1,4,8,1453,796,1602,945,1451,1603,793,946,794,1603
33,1,4,9,1634,796,1783,945,1632,1784,793,946,794,1784
33,2,0,0,10,72,159,221,8,160,69,222,70,160
33,2,0,1,191,72,340,221,189,341,69,222,70,341
33,2,0,2,371,72,520,221,369,521,69,222,70,521
33,2,0,3,552,72,701,221,550,702,69,222,70,702
33,2,0,4,732,72,881,221,730,882,69,222,70,882
33,2,0,5,913,72,1062,221,911,1063,69,222,70,1063
33,2,0,6,1093,72,1242,221,1091,1243,69,222,70,1243
33,2,0,7,1274,72,1423,221,1271,1424,69,222,70,1424
33,2,0,8,1453,72,1602,221,1451,1603,69,222,70,1603
33,2,0,9,1634,72,1783,221,1632,1784,69,222,70,1784
33,2,1,0,10,253,159,402,8,161,246,403,251,160
33,2,1,1,191,253,340,402,189,341,246,403,251,341
33,2,1,2,371,253,520,402,369,521,246,403,251,521
33,2,1,3,552,253,701,402,550,702,246,403,251,702
33,2,1,4,732,253,881,402,730,882,246,403,251,882
33,2,1,5,913,253,1062,402,911,1063,246,403,251,1063
33,2,1,6,1093,248,1242,397,1091,1243,246,403,246,1243
33,2,1,7,1274,253,1423,402,1271,1424,246,403,251,1424
33,2,1,8,1453,253,1602,402,1451,1603,246,403,251,1603
33,2,1,9,1634,253,1783,402,1632,1784,246,403,251,1784
33,2,2,0,10,434,159,583,8,160,432,584,432,160
33,2,2,1,191,434,340,583,189,341,432,584,432,341
33,2,2,2,371,434,520,583,369,521,432,584,432,521
33,2,2,3,552,434,701,583,550,702,432,584,432,702
33,2,2,4,732,434,881,583,730,882,432,584,432,882
33,2,2,5,913,434,1062,583,911,1063,432,584,432,1063
33,2,2,6,1093,434,1242,583,1090,1243,432,584,432,1243
33,2,2,7,1274,434,1423,583,1271,1424,432,584,432,1424
33,2,2,8,1453,434,1602,583,1451,1603,432,584,432,1603
33,2,2,9,1634,434,1783,583,1632,1784,432,584,432,1784
33,2,3,0,10,615,159,764,8,160,613,765,613,160
33,2,3,1,191,615,340,764,189,341,613,765,613,341
33,2,3,2,371,615,520,764,369,521,613,765,613,521
33,2,3,3,552,615,701,764,550,702,613,765,613,702
33,2,3,4,732,615,881,764,730,882,613,765,613,882
33,2,3,5,913,615,1062,764,911,1063,613,765,613,1063
33,2,3,6,1093,615,1242,764,1091,1243,613,765,613,1243
33,2,3,7,1274,615,1423,764,1271,1424,613,765,613,1424
33,2,3,8,1453,615,1602,764,1451,1603,613,765,613,1603
33,2,3,9,1634,615,1783,764,1632,1784,613,765,613,1784
33,2,4,0,10,796,159,945,8,161,794,946,794,160
33,2,4,1,191,796,340,945,189,341,794,946,794,341
33,2,4,2,371,796,520,945,369,521,794,946,794,521
33,2,4,3,552,796,701,945,550,702,794,946,794,702
33,2,4,4,732,796,881,945,730,882,794,946,794,882
33,2,4,5,914,796,1063,945,911,1064,794,946,794,1064
33,2,4,6,1093,796,1242,945,1091,1243,794,946,794,1243
33,2,4,7,1274,796,1423,945,1271,1424,794,946,794,1424
33,2,4,8,1453,796,1602,945,1451,1603,794,946,794,1603
33,2,4,9,1634,796,1783,945,1632,1785,794,946,794,1784
34,1,0,0,11,68,160,217,8,161,66,219,66,161
34,1,0,1,192,68,341,217,190,342,66,219,66,342
34,1,0,2,373,68,522,217,370,523,66,219,66,523
34,1,0,3,554,68,703,217,552,704,66,219,66,704
34,1,0,4,735,68,884,217,732,885,66,219,66,885
34,1,0,5,916,68,1065,217,913,1066,66,219,66,1066
34,1,0,6,1097,68,1246,217,1094,1247,66,219,66,1247
34,1,0,7,1278,68,1427,217,1275,1428,66,219,66,1428
34,1,0,8,1458,68,1607,217,1456,1608,66,219,66,1608
34,1,0,9,1640,68,1789,217,1637,1790,66,219,66,1790
34,1,1,0,11,250,160,399,8,161,248,401,248,161
34,1,1,1,192,250,341,399,190,342,248,401,248,342
34,1,1,2,373,250,522,399,370,523,248,401,248,523
34,1,1,3,554,250,703,399,552,704,248,401,248,704
34,1,1,4,735,250,884,399,732,885,248,401,248,885
34,1,1,5,916,250,1065,399,913,1066,248,401,248,1066
34,1,1,6,1097,250,1246,399,1094,1247,248,401,248,1247
34,1,1,7,1278,250,1427,399,1275,1428,248,401,248,1428
34,1,1,8,1458,250,1607,399,1456,1608,248,401,248,1608
34,1,1,9,1640,250,1789,399,1637,1790,248,401,248,1790
34,1,2,0,11,432,160,581,8,161,429,583,430,161
34,1,2,1,192,432,341,581,190,342,429,583,430,342
34,1,2,2,373,432,522,581,370,523,429,583,430,523
34,1,2,3,554,432,703,581,552,704,429,583,430,704
34,1,2,4,735,432,884,581,732,885,429,583,430,885
34,1,2,5,916,432,1065,581,913,1066,429,583,430,1066
34,1,2,6,1097,432,1246,581,1094,1247,429,583,430,1247
34,1,2,7,1278,432,1427,581,1275,1428,429,583,430,1428
34,1,2,8,1458,432,1607,581,1456,1608,429,583,430,1608
34,1,2,9,1640,432,1789,581,1637,1790,429,583,430,1790
34,1,3,0,11,613,160,762,8,161,611,764,611,161
34,1,3,1,192,613,341,762,190,342,611,764,611,342
34,1,3,2,373,613,522,762,370,523,611,764,611,523
34,1,3,3,554,613,703,762,552,704,611,764,611,704
34,1,3,4,735,613,884,762,732,885,611,764,611,885
34,1,3,5,916,613,1065,762,913,1066,611,764,611,1066
34,1,3,6,1097,613,1246,762,1094,1247,611,764,611,1247
34,1,3,7,1278,613,1427,762,1275,1428,611,764,611,1428
34,1,3,8,1458,613,1607,762,1456,1608,611,764,611,1608
34,1,3,9,1640,613,1789,762,1637,1790,611,764,611,1790
34,1,4,0,11,795,160,944,8,161,793,946,793,161
34,1,4,1,192,795,341,944,190,342,793,946,793,342
34,1,4,2,373,795,522,944,370,523,793,946,793,523
34,1,4,3,554,795,703,944,552,704,793,946,793,704
34,1,4,4,735,795,884,944,732,885,793,946,793,885
34,1,4,5,916,795,1065,944,913,1066,793,946,793,1066
34,1,4,6,1097,795,1246,944,1094,1247,793,946,793,1247
34,1,4,7,1278,795,1427,944,1275,1428,793,946,793,1428
34,1,4,8,1458,795,1607,944,1456,1608,793,946,793,1608
34,1,4,9,1640,795,1789,944,1637,1790,793,946,793,1790
34,2,0,0,11,68,160,217,8,161,66,219,66,161
34,2,0,1,192,68,341,217,190,342,66,219,66,342
34,2,0,2,373,68,522,217,370,523,66,219,66,523
34,2,0,3,554,68,703,217,552,704,66,219,66,704
34,2,0,4,735,68,884,217,732,885,66,219,66,885
34,2,0,5,916,68,1065,217,913,1066,66,219,66,1066
34,2,0,6,1097,68,1246,217,1094,1247,66,219,66,1247
34,2,0,7,1278,68,1427,217,1275,1428,66,219,66,1428
34,2,0,8,1458,68,1607,217,1456,1608,66,219,66,1608
34,2,0,9,1640,68,1789,217,1637,1790,66,219,66,1790
34,2,1,0,11,249,160,398,8,161,247,400,247,161
34,2,1,1,192,249,341,398,190,342,247,400,247,342
34,2,1,2,373,249,522,398,370,523,247,400,247,523
34,2,1,3,554,249,703,398,552,704,247,400,247,704
34,2,1,4,735,249,884,398,732,885,247,400,247,885
34,2,1,5,916,249,1065,398,913,1066,247,400,247,1066
34,2,1,6,1097,250,1246,399,1094,1247,247,400,248,1247
34,2,1,7,1278,249,1427,398,1275,1428,247,400,247,1428
34,2,1,8,1458,249,1607,398,1456,1608,247,400,247,1608
34,2,1,9,1640,249,1789,398,1637,1790,247,400,247,1790
34,2,2,0,11,431,160,580,8,161,429,582,429,161
34,2,2,1,192,431,341,580,190,342,429,582,429,342
34,2,2,2,373,431,522,580,370,523,429,582,429,523
34,2,2,3,554,431,703,580,552,704,429,582,429,704
34,2,2,4,735,431,884,580,732,885,429,582,429,885
34,2,2,5,916,431,1065,580,913,1066,429,582,429,1066
34,2,2,6,1097,431,1246,580,1094,1247,429,582,429,1247
34,2,2,7,1278,431,1427,580,1275,1428,429,582,429,1428
34,2,2,8,1458,431,1607,580,1456,1608,429,582,429,1608
34,2,2,9,1640,431,1789,580,1637,1790,429,582,429,1790
34,2,3,0,11,613,160,762,8,161,611,764,611,161
34,2,3,1,192,613,341,762,190,342,611,764,611,342
34,2,3,2,373,613,522,762,370,523,611,764,611,523
34,2,3,3,554,613,703,762,552,704,611,764,611,704
34,2,3,4,735,613,884,762,732,885,611,764,611,885
34,2,3,5,916,613,1065,762,913,1066,611,764,611,1066
34,2,3,6,1097,613,1246,762,1094,1247,611,764,611,1247
34,2,3,7,1278,613,1427,762,1275,1428,611,764,611,1428
34,2,3,8,1458,613,1607,762,1456,1608,611,764,611,1608
34,2,3,9,1640,613,1789,762,1637,1790,611,764,611,1790
34,2,4,0,11,794,160,943,8,161,792,945,792,161
34,2,4,1,187,794,336,943,184,337,792,945,792,337
34,2,4,2,373,794,522,943,370,523,792,945,792,523
34,2,4,3,554,794,703,943,552,704,792,945,792,704
34,2,4,4,735,794,884,943,732,885,792,945,792,885
34,2,4,5,916,794,1065,943,913,1066,792,945,792,1066
34,2,4,6,1097,794,1246,943,1094,1247,792,945,792,1247
34,2,4,7,1278,794,1427,943,1275,1428,792,945,792,1428
34,2,4,8,1458,794,1607,943,1456,1608,792,945,792,1608
34,2,4,9,1640,794,1789,943,1637,1790,792,945,792,1790
35,1,0,0,8,71,157,220,6,159,69,222,69,158
35,1,0,1,190,71,339,220,187,340,69,222,69,340
35,1,0,2,370,71,519,220,368,520,69,222,69,520
35,1,0,3,552,71,701,220,549,702,69,222,69,702
35,1,0,4,732,71,881,220,730,882,69,222,69,882
35,1,0,5,914,71,1063,220,911,1064,69,222,69,1064
35,1,0,6,1095,71,1244,220,1092,1245,69,222,69,1245
35,1,0,7,1276,71,1425,220,1273,1426,69,222,69,1426
35,1,0,8,1457,71,1606,220,1454,1607,69,222,69,1607
35,1,0,9,1638,71,1787,220,1635,1788,69,222,69,1788
35,1,1,0,8,253,157,402,6,159,251,404,251,158
35,1,1,1,190,253,339,402,187,340,251,404,251,340
35,1,1,2,370,253,519,402,368,520,251,404,251,520
35,1,1,3,552,253,701,402,549,702,251,404,251,702
35,1,1,4,732,253,881,402,730,882,251,404,251,882
35,1,1,5,914,253,1063,402,911,1064,251,404,251,1064
35,1,1,6,1095,253,1244,402,1092,1245,251,404,251,1245
35,1,1,7,1276,253,1425,402,1273,1426,251,404,251,1426
35,1,1,8,1457,253,1606,402,1454,1607,251,404,251,1607
35,1,1,9,1638,253,1787,402,1635,1788,251,404,251,1788
35,1,2,0,8,435,157,584,6,159,432,585,433,158
35,1,2,1,190,435,339,584,187,340,432,585,433,340
35,1,2,2,370,435,519,584,368,520,432,585,433,520
35,1,2,3,552,435,701,584,549,702,432,585,433,702
35,1,2,4,732,435,881,584,730,882,432,585,433,882
35,1,2,5,914,435,1063,584,911,1064,432,585,433,1064
35,1,2,6,1095,435,1244,584,1092,1245,432,585,433,1245
35,1,2,7,1276,435,1425,584,1273,1426,432,585,433,1426
35,1,2,8,1457,435,1606,584,1454,1607,432,585,433,1607
35,1,2,9,1638,435,1787,584,1635,1788,432,585,433,1788
35,1,3,0,9,616,158,765,6,159,614,767,614,159
35,1,3,1,190,616,339,765,187,340,614,767,614,340
35,1,3,2,370,616,519,765,368,520,614,767,614,520
35,1,3,3,552,616,701,765,549,702,614,767,614,702
35,1,3,4,732,616,881,765,730,882,614,767,614,882
35,1,3,5,914,616,1063,765,911,1064,614,767,614,1064
35,1,3,6,1095,616,1244,765,1092,1245,614,767,614,1245
35,1,3,7,1276,616,1425,765,1273,1426,614,767,614,1426
35,1,3,8,1457,616,1606,765,1454,1607,614,767,614,1607
35,1,3,9,1638,616,1787,765,1635,1788,614,767,614,1788
35,1,4,0,9,798,158,947,6,159,796,949,796,159
35,1,4,1,190,798,339,947,187,340,796,949,796,340
35,1,4,2,370,798,519,947,368,520,796,949,796,520
35,1,4,3,552,798,701,947,549,702,796,949,796,702
35,1,4,4,732,798,881,947,730,882,796,949,796,882
35,1,4,5,914,798,1063,947,911,1064,796,949,796,1064
35,1,4,6,1095,798,1244,947,1092,1245,796,949,796,1245
35,1,4,7,1276,798,1425,947,1273,1426,796,949,796,1426
35,1,4,8,1457,798,1606,947,1454,1607,796,949,796,1607
35,1,4,9,1638,798,1787,947,1635,1788,796,949,796,1788
35,2,0,0,9,71,158,220,6,159,69,222,69,159
35,2,0,1,190,71,339,220,187,340,69,222,69,340
35,2,0,2,370,71,519,220,368,520,69,222,69,520
35,2,0,3,552,71,701,220,549,702,69,222,69,702
35,2,0,4,732,71,881,220,730,882,69,222,69,882
35,2,0,5,914,71,1063,220,911,1064,69,222,69,1064
35,2,0,6,1095,71,1244,220,1092,1245,69,222,69,1245
35,2,0,7,1276,71,1425,220,1273,1426,69,222,69,1426
35,2,0,8,1457,71,1606,220,1454,1607,69,222,69,1607
35,2,0,9,1638,71,1787,220,1635,1788,69,222,69,1788
35,2,1,0,8,253,157,402,6,159,251,404,251,158
35,2,1,1,190,253,339,402,187,340,251,404,251,340
35,2,1,2,370,253,519,402,368,520,251,404,251,520
35,2,1,3,552,253,701,402,549,702,251,404,251,702
35,2,1,4,732,253,881,402,730,882,251,404,251,882
35,2,1,5,914,253,1063,402,911,1064,251,404,251,1064
35,2,1,6,1094,253,1243,402,1092,1245,251,404,251,1244
35,2,1,7,1276,253,1425,402,1273,1426,251,404,251,1426
35,2,1,8,1457,253,1606,402,1454,1607,251,404,251,1607
35,2,1,9,1638,253,1787,402,1635,1788,251,404,251,1788
35,2,2,0,8,435,157,584,6,159,433,585,433,158
35,2,2,1,190,435,339,584,187,340,433,585,433,340
35,2,2,2,370,435,519,584,368,520,433,585,433,520
35,2,2,3,552,435,701,584,549,702,433,585,433,702
35,2,2,4,732,435,881,584,730,882,433,585,433,882
35,2,2,5,914,435,1063,584,911,1064,433,585,433,1064
35,2,2,6,1095,435,1244,584,1092,1245,433,585,433,1245
35,2,2,7,1276,435,1425,584,1273,1426,433,585,433,1426
35,2,2,8,1457,435,1606,584,1454,1607,433,585,433,1607
35,2,2,9,1638,435,1787,584,1635,1788,433,585,433,1788
35,2,3,0,8,616,157,765,6,159,614,767,614,158
35,2,3,1,190,616,339,765,187,340,614,767,614,340
35,2,3,2,370,616,519,765,368,520,614,767,614,520
35,2,3,3,552,616,701,765,549,702,614,767,614,702
35,2,3,4,732,616,881,765,730,882,614,767,614,882
35,2,3,5,914,616,1063,765,911,1064,614,767,614,1064
35,2,3,6,1095,616,1244,765,1092,1245,614,767,614,1245
35,2,3,7,1276,616,1425,765,1273,1426,614,767,614,1426
35,2,3,8,1457,616,1606,765,1454,1607,614,767,614,1607
35,2,3,9,1638,616,1787,765,1635,1788,614,767,614,1788
35,2,4,0,9,798,158,947,6,159,796,949,796,159
35,2,4,1,190,798,339,947,187,340,796,949,796,340
35,2,4,2,370,798,519,947,368,520,796,949,796,520
35,2,4,3,552,798,701,947,549,702,796,949,796,702
35,2,4,4,732,798,881,947,730,882,796,949,796,882
35,2,4,5,914,798,1063,947,911,1064,796,949,796,1064
35,2,4,6,1095,798,1244,947,1092,1245,796,949,796,1245
35,2,4,7,1276,798,1425,947,1273,1426,796,949,796,1426
35,2,4,8,1457,798,1606,947,1454,1607,796,949,796,1607
35,2,4,9,1638,798,1787,947,1635,1788,796,949,796,1788
36,1,0,0,10,70,159,219,8,160,68,221,68,160
36,1,0,1,192,70,341,219,189,342,68,221,68,342
36,1,0,2,372,70,521,219,370,522,68,221,68,522
36,1,0,3,554,70,703,219,551,704,68,221,68,704
36,1,0,4,735,70,884,219,732,885,68,221,68,885
36,1,0,5,917,70,1066,219,913,1067,68,221,68,1067
36,1,0,6,1097,70,1246,219,1094,1247,68,221,68,1247
36,1,0,7,1278,70,1427,219,1276,1429,68,221,68,1428
36,1,0,8,1459,70,1608,219,1456,1609,68,221,68,1609
36,1,0,9,1641,70,1790,219,1638,1791,68,221,68,1791
36,1,1,0,10,252,159,401,8,160,250,403,250,160
36,1,1,1,192,252,341,401,189,342,250,403,250,342
36,1,1,2,372,252,521,401,370,522,250,403,250,522
36,1,1,3,554,252,703,401,551,704,250,403,250,704
36,1,1,4,735,252,884,401,732,885,250,403,250,885
36,1,1,5,916,252,1065,401,913,1067,250,403,250,1066
36,1,1,6,1097,252,1246,401,1094,1247,250,403,250,1247
36,1,1,7,1278,252,1427,401,1276,1429,250,403,250,1428
36,1,1,8,1459,252,1608,401,1456,1609,250,403,250,1609
36,1,1,9,1641,252,1790,401,1638,1791,250,403,250,1791
36,1,2,0,10,434,159,583,8,160,432,585,432,160
36,1,2,1,192,434,341,583,189,342,432,585,432,342
36,1,2,2,372,434,521,583,370,522,432,585,432,522
36,1,2,3,554,434,703,583,551,704,432,585,432,704
36,1,2,4,735,434,884,583,732,885,432,585,432,885
36,1,2,5,917,434,1066,583,913,1067,432,585,432,1067
36,1,2,6,1097,434,1246,583,1094,1247,432,585,432,1247
36,1,2,7,1278,434,1427,583,1276,1429,432,585,432,1428
36,1,2,8,1459,434,1608,583,1456,1609,432,585,432,1609
36,1,2,9,1641,434,1790,583,1638,1791,432,585,432,1791
36,1,3,0,10,615,159,764,8,160,613,766,613,160
36,1,3,1,192,616,341,765,189,342,613,766,614,342
36,1,3,2,372,615,521,764,370,522,613,766,613,522
36,1,3,3,554,615,703,764,551,704,613,766,613,704
36,1,3,4,735,616,884,765,732,885,613,766,614,885
36,1,3,5,917,615,1066,764,913,1067,613,766,613,1067
36,1,3,6,1097,615,1246,764,1094,1247,613,766,613,1247
36,1,3,7,1278,616,1427,765,1276,1429,613,766,614,1428
36,1,3,8,1459,615,1608,764,1456,1609,613,766,613,1609
36,1,3,9,1641,615,1790,764,1638,1791,613,766,613,1791
36,1,4,0,10,797,159,946,8,160,795,948,795,160
36,1,4,1,192,797,341,946,189,342,795,948,795,342
36,1,4,2,372,797,521,946,370,522,795,948,795,522
36,1,4,3,554,797,703,946,551,704,795,948,795,704
36,1,4,4,735,797,884,946,732,885,795,948,795,885
36,1,4,5,917,797,1066,946,913,1067,795,948,795,1067
36,1,4,6,1097,797,1246,946,1094,1247,795,948,795,1247
36,1,4,7,1278,797,1427,946,1276,1429,795,948,795,1428
36,1,4,8,1459,797,1608,946,1456,1609,795,948,795,1609
36,1,4,9,1641,797,1790,946,1638,1791,795,948,795,1791
36,2,0,0,10,69,159,218,8,160,67,221,67,160
36,2,0,1,192,69,341,218,189,342,67,221,67,342
36,2,0,2,372,69,521,218,370,522,67,221,67,522
36,2,0,3,554,69,703,218,551,704,67,221,67,704
36,2,0,4,735,70,884,219,732,885,67,221,68,885
36,2,0,5,917,69,1066,218,913,1067,67,221,67,1067
36,2,0,6,1097,69,1246,218,1094,1247,67,221,67,1247
36,2,0,7,1278,69,1427,218,1276,1428,67,221,67,1428
36,2,0,8,1459,69,1608,218,1456,1609,67,221,67,1609
36,2,0,9,1641,70,1790,219,1638,1791,67,221,68,1791
36,2,1,0,10,251,159,400,8,160,249,402,249,160
36,2,1,1,192,251,341,400,189,342,249,402,249,342
36,2,1,2,372,251,521,400,370,522,249,402,249,522
36,2,1,3,554,251,703,400,551,704,249,402,249,704
36,2,1,4,735,251,884,400,732,885,249,402,249,885
36,2,1,5,917,251,1066,400,913,1067,249,402,249,1067
36,2,1,6,1097,251,1246,400,1094,1247,249,402,249,1247
36,2,1,7,1278,251,1427,400,1276,1429,249,402,249,1428
36,2,1,8,1459,251,1608,400,1456,1609,249,402,249,1609
36,2,1,9,1641,251,1790,400,1638,1791,249,402,249,1791
36,2,2,0,10,433,159,582,8,160,431,584,431,160
36,2,2,1,192,433,341,582,189,342,431,584,431,342
36,2,2,2,372,433,521,582,370,522,431,584,431,522
36,2,2,3,554,433,703,582,551,704,431,584,431,704
36,2,2,4,735,433,884,582,732,885,431,584,431,885
36,2,2,5,917,433,1066,582,913,1067,431,584,431,1067
36,2,2,6,1097,433,1246,582,1094,1247,431,584,431,1247
36,2,2,7,1278,433,1427,582,1276,1429,431,584,431,1428
36,2,2,8,1459,433,1608,582,1456,1609,431,584,431,1609
36,2,2,9,1641,433,1790,582,1638,1791,431,584,431,1791
36,2,3,0,10,615,159,764,8,160,613,766,613,160
36,2,3,1,192,615,341,764,189,342,613,766,613,342
36,2,3,2,372,615,521,764,370,522,613,766,613,522
36,2,3,3,554,615,703,764,551,704,613,766,613,704
36,2,3,4,735,615,884,764,732,885,613,766,613,885
36,2,3,5,917,615,1066,764,913,1067,613,766,613,1067
36,2,3,6,1097,615,1246,764,1094,1247,613,766,613,1247
36,2,3,7,1278,615,1427,764,1276,1429,613,766,613,1428
36,2,3,8,1459,615,1608,764,1456,1609,613,766,613,1609
36,2,3,9,1641,615,1790,764,1638,1791,613,766,613,1791
36,2,4,0,10,797,159,946,8,160,795,948,795,160
36,2,4,1,192,797,341,946,189,342,795,948,795,342
36,2,4,2,372,797,521,946,370,522,795,948,795,522
36,2,4,3,554,797,703,946,551,704,795,948,795,704
36,2,4,4,735,797,884,946,732,885,795,948,795,885
36,2,4,5,916,797,1065,946,913,1067,795,948,795,1066
36,2,4,6,1097,797,1246,946,1094,1247,795,948,795,1247
36,2,4,7,1278,797,1427,946,1276,1429,795,948,795,1428
36,2,4,8,1459,797,1608,946,1456,1609,795,948,795,1609
36,2,4,9,1641,797,1790,946,1638,1791,795,948,795,1791
37,1,0,0,14,68,163,217,12,164,66,219,66,164
37,1,0,1,195,68,344,217,193,345,66,219,66,345
37,1,0,2,375,69,524,218,373,525,66,219,67,525
37,1,0,3,556,69,705,218,553,706,66,219,67,706
37,1,0,4,735,68,884,217,733,885,66,219,66,885
37,1,0,5,916,69,1065,218,914,1066,66,219,67,1066
37,1,0,6,1095,69,1244,218,1093,1245,66,219,67,1245
37,1,0,7,1276,69,1425,218,1274,1426,66,219,67,1426
37,1,0,8,1456,69,1605,218,1453,1606,66,219,67,1606
37,1,0,9,1636,69,1785,218,1634,1787,66,219,67,1786
37,1,1,0,14,250,163,399,12,164,248,400,248,164
37,1,1,1,195,250,344,399,193,345,248,400,248,345
37,1,1,2,375,250,524,399,372,525,248,400,248,525
37,1,1,3,556,250,705,399,553,706,248,400,248,706
37,1,1,4,735,250,884,399,733,885,248,400,248,885
37,1,1,5,916,250,1065,399,914,1066,248,400,248,1066
37,1,1,6,1095,250,1244,399,1093,1245,248,400,248,1245
37,1,1,7,1276,250,1425,399,1274,1426,248,400,248,1426
37,1,1,8,1456,250,1605,399,1453,1606,248,400,248,1606
37,1,1,9,1636,250,1785,399,1634,1786,248,400,248,1786
37,1,2,0,14,431,163,580,12,164,428,581,429,164
37,1,2,1,195,431,344,580,193,345,428,581,429,345
37,1,2,2,375,431,524,580,372,525,428,581,429,525
37,1,2,3,556,431,705,580,553,706,428,581,429,706
37,1,2,4,735,431,884,580,733,885,428,581,429,885
37,1,2,5,916,431,1065,580,914,1066,428,581,429,1066
37,1,2,6,1095,431,1244,580,1093,1245,428,581,429,1245
37,1,2,7,1276,431,1425,580,1274,1426,428,581,429,1426
37,1,2,8,1456,431,1605,580,1453,1606,428,581,429,1606
37,1,2,9,1636,431,1785,580,1634,1787,428,581,429,1786
37,1,3,0,14,611,163,760,12,164,609,762,609,164
37,1,3,1,195,611,344,760,193,345,609,762,609,345
37,1,3,2,375,611,524,760,372,525,609,762,609,525
37,1,3,3,556,611,705,760,553,706,609,762,609,706
37,1,3,4,735,611,884,760,733,885,609,762,609,885
37,1,3,5,916,611,1065,760,914,1066,609,762,609,1066
37,1,3,6,1095,611,1244,760,1093,1245,609,762,609,1245
37,1,3,7,1276,611,1425,760,1274,1426,609,762,609,1426
37,1,3,8,1456,611,1605,760,1453,1606,609,762,609,1606
37,1,3,9,1636,611,1785,760,1634,1786,609,762,609,1786
37,1,4,0,14,792,163,941,12,164,790,942,790,164
37,1,4,1,195,792,344,941,193,345,790,942,790,345
37,1,4,2,375,792,524,941,373,525,790,942,790,525
37,1,4,3,555,792,704,941,553,706,790,942,790,705
37,1,4,4,735,792,884,941,733,885,790,942,790,885
37,1,4,5,916,792,1065,941,914,1066,790,942,790,1066
37,1,4,6,1095,792,1244,941,1093,1245,790,942,790,1245
37,1,4,7,1276,792,1425,941,1274,1426,790,942,790,1426
37,1,4,8,1456,792,1605,941,1453,1606,790,942,790,1606
37,1,4,9,1636,792,1785,941,1634,1786,790,942,790,1786
37,2,0,0,14,69,163,218,12,164,67,219,67,164
37,2,0,1,195,69,344,218,193,345,67,219,67,345
37,2,0,2,375,69,524,218,373,525,67,219,67,525
37,2,0,3,555,69,704,218,553,706,67,219,67,705
37,2,0,4,735,69,884,218,733,885,67,219,67,885
37,2,0,5,916,69,1065,218,914,1066,67,219,67,1066
37,2,0,6,1095,69,1244,218,1093,1245,67,219,67,1245
37,2,0,7,1276,69,1425,218,1274,1426,67,219,67,1426
37,2,0,8,1456,69,1605,218,1453,1606,67,219,67,1606
37,2,0,9,1636,69,1785,218,1634,1786,67,219,67,1786
37,2,1,0,14,250,163,399,12,164,248,400,248,164
37,2,1,1,195,250,344,399,193,345,248,400,248,345
37,2,1,2,375,250,524,399,372,525,248,400,248,525
37,2,1,3,556,250,705,399,553,706,248,400,248,706
37,2,1,4,735,250,884,399,733,885,248,400,248,885
37,2,1,5,916,250,1065,399,914,1066,248,400,248,1066
37,2,1,6,1095,250,1244,399,1093,1245,248,400,248,1245
37,2,1,7,1276,250,1425,399,1274,1426,248,400,248,1426
37,2,1,8,1456,250,1605,399,1453,1606,248,400,248,1606
37,2,1,9,1636,250,1785,399,1634,1786,248,400,248,1786
37,2,2,0,14,431,163,580,12,164,429,581,429,164
37,2,2,1,195,431,344,580,193,345,429,581,429,345
37,2,2,2,375,431,524,580,373,525,429,581,429,525
37,2,2,3,556,431,705,580,553,706,429,581,429,706
37,2,2,4,735,431,884,580,733,885,429,581,429,885
37,2,2,5,916,431,1065,580,914,1066,429,581,429,1066
37,2,2,6,1095,431,1244,580,1093,1245,429,581,429,1245
37,2,2,7,1276,431,1425,580,1274,1426,429,581,429,1426
37,2,2,8,1456,431,1605,580,1453,1606,429,581,429,1606
37,2,2,9,1636,431,1785,580,1634,1786,429,581,429,1786
37,2,3,0,14,612,163,761,12,164,609,762,610,164
37,2,3,1,195,611,344,760,193,345,609,762,609,345
37,2,3,2,375,611,524,760,373,525,609,762,609,525
37,2,3,3,556,611,705,760,553,706,609,762,609,706
37,2,3,4,735,611,884,760,733,885,609,762,609,885
37,2,3,5,916,611,1065,760,914,1066,609,762,609,1066
37,2,3,6,1095,611,1244,760,1093,1245,609,762,609,1245
37,2,3,7,1276,612,1425,761,1274,1426,609,762,610,1426
37,2,3,8,1456,612,1605,761,1453,1606,609,762,610,1606
37,2,3,9,1636,611,1785,760,1634,1787,609,762,609,1786
37,2,4,0,14,792,163,941,12,164,790,943,790,164
37,2,4,1,195,792,344,941,193,345,790,943,790,345
37,2,4,2,375,792,524,941,373,525,790,943,790,525
37,2,4,3,556,792,705,941,553,706,790,943,790,706
37,2,4,4,735,792,884,941,733,885,790,943,790,885
37,2,4,5,916,792,1065,941,914,1066,790,943,790,1066
37,2,4,6,1095,792,1244,941,1093,1245,790,943,790,1245
37,2,4,7,1276,792,1425,941,1274,1426,790,943,790,1426
37,2,4,8,1456,792,1605,941,1453,1606,790,943,790,1606
37,2,4,9,1636,792,1785,941,1634,1787,790,943,790,1786
38,1,0,0,10,77,159,226,8,160,74,227,75,160
38,1,0,1,191,77,340,226,189,341,74,227,75,341
38,1,0,2,371,77,520,226,369,521,74,227,75,521
38,1,0,3,553,77,702,226,550,703,74,227,75,703
38,1,0,4,733,77,882,226,730,883,74,227,75,883
38,1,0,5,914,77,1063,226,912,1064,74,227,75,1064
38,1,0,6,1094,77,1243,226,1092,1244,74,227,75,1244
38,1,0,7,1276,77,1425,226,1273,1426,74,227,75,1426
38,1,0,8,1456,77,1605,226,1453,1606,74,227,75,1606
38,1,0,9,1637,77,1786,226,1635,1787,74,227,75,1787
38,1,1,0,10,258,159,407,8,160,256,409,256,160
38,1,1,1,191,258,340,407,189,341,256,409,256,341
38,1,1,2,371,258,520,407,369,521,256,409,256,521
38,1,1,3,553,258,702,407,550,703,256,409,256,703
38,1,1,4,733,258,882,407,730,883,256,409,256,883
38,1,1,5,914,258,1063,407,912,1064,256,409,256,1064
38,1,1,6,1094,258,1243,407,1092,1244,256,409,256,1244
38,1,1,7,1276,258,1425,407,1273,1426,256,409,256,1426
38,1,1,8,1456,258,1605,407,1453,1606,256,409,256,1606
38,1,1,9,1637,258,1786,407,1634,1787,256,409,256,1787
38,1,2,0,10,439,159,588,8,160,437,590,437,160
38,1,2,1,191,439,340,588,189,341,437,590,437,341
38,1,2,2,371,439,520,588,369,521,437,590,437,521
38,1,2,3,553,439,702,588,550,703,437,590,437,703
38,1,2,4,733,439,882,588,730,883,437,590,437,883
38,1,2,5,915,439,1064,588,912,1065,437,590,437,1065
38,1,2,6,1094,439,1243,588,1092,1244,437,590,437,1244
38,1,2,7,1276,439,1425,588,1273,1426,437,590,437,1426
38,1,2,8,1456,439,1605,588,1453,1606,437,590,437,1606
38,1,2,9,1637,440,1786,589,1635,1787,437,590,438,1787
38,1,3,0,10,621,159,770,8,160,619,772,619,160
38,1,3,1,191,621,340,770,189,341,619,772,619,341
38,1,3,2,371,621,520,770,369,521,619,772,619,521
38,1,3,3,553,621,702,770,550,703,619,772,619,703
38,1,3,4,733,621,882,770,730,883,619,772,619,883
38,1,3,5,914,621,1063,770,912,1064,619,772,619,1064
38,1,3,6,1094,621,1243,770,1092,1244,619,772,619,1244
38,1,3,7,1276,621,1425,770,1273,1426,619,772,619,1426
38,1,3,8,1456,621,1605,770,1453,1606,619,772,619,1606
38,1,3,9,1637,621,1786,770,1635,1787,619,772,619,1787
38,1,4,0,10,802,159,951,8,160,800,953,800,160
38,1,4,1,191,802,340,951,189,341,800,953,800,341
38,1,4,2,371,802,520,951,369,521,800,953,800,521
38,1,4,3,553,802,702,951,550,703,800,953,800,703
38,1,4,4,733,802,882,951,730,883,800,953,800,883
38,1,4,5,914,802,1063,951,912,1064,800,953,800,1064
38,1,4,6,1094,802,1243,951,1092,1244,800,953,800,1244
38,1,4,7,1276,802,1425,951,1273,1426,800,953,800,1426
38,1,4,8,1456,802,1605,951,1453,1606,800,953,800,1606
38,1,4,9,1637,802,1786,951,1635,1787,800,953,800,1787
38,2,0,0,10,77,159,226,8,160,75,228,75,160
38,2,0,1,191,77,340,226,189,341,75,228,75,341
38,2,0,2,371,77,520,226,369,521,75,228,75,521
38,2,0,3,553,77,702,226,550,703,75,228,75,703
38,2,0,4,733,77,882,226,730,883,75,228,75,883
38,2,0,5,914,77,1063,226,912,1064,75,228,75,1064
38,2,0,6,1094,77,1243,226,1092,1244,75,228,75,1244
38,2,0,7,1276,77,1425,226,1273,1426,75,228,75,1426
38,2,0,8,1456,77,1605,226,1453,1606,75,228,75,1606
38,2,0,9,1637,77,1786,226,1635,1787,75,228,75,1787
38,2,1,0,10,258,159,407,8,160,256,409,256,160
38,2,1,1,191,259,340,408,189,341,256,409,257,341
38,2,1,2,371,259,520,408,369,521,256,409,257,521
38,2,1,3,553,258,702,407,550,703,256,409,256,703
38,2,1,4,733,259,882,408,730,883,256,409,257,883
38,2,1,5,914,259,1063,408,912,1064,256,409,257,1064
38,2,1,6,1094,259,1243,408,1092,1244,256,409,257,1244
38,2,1,7,1276,258,1425,407,1273,1426,256,409,256,1426
38,2,1,8,1456,258,1605,407,1453,1606,256,409,256,1606
38,2,1,9,1637,259,1786,408,1635,1787,256,409,257,1787
38,2,2,0,10,440,159,589,8,160,438,591,438,160
38,2,2,1,191,440,340,589,189,341,438,591,438,341
38,2,2,2,371,440,520,589,369,521,438,591,438,521
38,2,2,3,553,440,702,589,550,703,438,591,438,703
38,2,2,4,733,440,882,589,730,883,438,591,438,883
38,2,2,5,914,440,1063,589,912,1064,438,591,438,1064
38,2,2,6,1094,440,1243,589,1092,1244,438,591,438,1244
38,2,2,7,1276,440,1425,589,1273,1426,438,591,438,1426
38,2,2,8,1456,440,1605,589,1453,1606,438,591,438,1606
38,2,2,9,1637,440,1786,589,1635,1787,438,591,438,1787
38,2,3,0,10,621,159,770,8,160,619,772,619,160
38,2,3,1,191,621,340,770,189,341,619,772,619,341
38,2,3,2,371,621,520,770,369,521,619,772,619,521
38,2,3,3,553,621,702,770,550,703,619,772,619,703
38,2,3,4,733,621,882,770,730,883,619,772,619,883
38,2,3,5,915,621,1064,770,912,1065,619,772,619,1065
38,2,3,6,1094,621,1243,770,1092,1244,619,772,619,1244
38,2,3,7,1276,621,1425,770,1273,1426,619,772,619,1426
38,2,3,8,1456,621,1605,770,1453,1606,619,772,619,1606
38,2,3,9,1637,621,1786,770,1635,1787,619,772,619,1787
38,2,4,0,10,803,159,952,8,160,801,954,801,160
38,2,4,1,191,803,340,952,189,341,801,954,801,341
38,2,4,2,371,803,520,952,369,521,801,954,801,521
38,2,4,3,553,803,702,952,550,703,801,954,801,703
38,2,4,4,733,803,882,952,730,883,801,954,801,883
38,2,4,5,914,803,1063,952,912,1064,801,954,801,1064
38,2,4,6,1094,803,1243,952,1092,1244,801,954,801,1244
38,2,4,7,1276,803,1425,952,1273,1426,801,954,801,1426
38,2,4,8,1456,803,1605,952,1453,1606,801,954,801,1606
38,2,4,9,1637,803,1786,952,1635,1787,801,954,801,1787
39,1,0,0,14,71,163,220,13,164,69,220,69,164
39,1,0,1,195,71,344,220,194,345,69,220,69,345
39,1,0,2,372,71,521,220,377,522,69,220,69,522
39,1,0,3,553,71,702,220,556,703,69,220,69,703
39,1,0,4,735,71,884,220,736,885,69,220,69,885
39,1,0,5,917,71,1066,220,916,1067,69,220,69,1067
39,1,0,6,1095,71,1244,220,1099,1245,69,220,69,1245
39,1,0,7,1278,71,1427,220,1276,1428,69,220,69,1428
39,1,0,8,1456,71,1605,220,1457,1606,69,220,69,1606
39,1,0,9,1636,71,1785,220,1641,1786,69,220,69,1786
39,1,1,0,3,252,152,401,31,153,250,401,250,153
39,1,1,1,194,252,343,401,194,344,250,401,250,344
39,1,1,2,372,252,521,401,376,522,250,401,250,522
39,1,1,3,556,252,705,401,555,706,250,401,250,706
39,1,1,4,736,252,885,401,735,886,250,401,250,886
39,1,1,5,917,252,1066,401,918,1067,250,401,250,1067
39,1,1,6,1096,252,1245,401,1096,1246,250,401,250,1246
39,1,1,7,1276,252,1425,401,1278,1426,250,401,250,1426
39,1,1,8,1457,252,1606,401,1457,1607,250,401,250,1607
39,1,1,9,1634,252,1783,401,1638,1784,250,401,250,1784
39,1,2,0,4,433,153,582,13,162,431,582,431,154
39,1,2,1,192,433,341,582,194,342,431,582,431,342
39,1,2,2,375,433,524,582,384,525,431,582,431,525
39,1,2,3,555,433,704,582,555,705,431,582,431,705
39,1,2,4,734,433,883,582,735,884,431,582,431,884
39,1,2,5,917,433,1066,582,921,1067,431,582,431,1067
39,1,2,6,1096,433,1245,582,1097,1246,431,582,431,1246
39,1,2,7,1273,433,1422,582,1278,1423,431,582,431,1423
39,1,2,8,1458,433,1607,582,1456,1608,431,582,431,1608
39,1,2,9,1638,433,1787,582,1638,1788,431,582,431,1788
39,1,3,0,12,614,161,763,14,162,612,763,612,162
39,1,3,1,193,614,342,763,194,343,612,763,612,343
39,1,3,2,373,614,522,763,374,523,612,763,612,523
39,1,3,3,534,614,683,763,576,684,612,763,612,684
39,1,3,4,736,614,885,763,743,886,612,763,612,886
39,1,3,5,916,614,1065,763,916,1066,612,763,612,1066
39,1,3,6,1097,614,1246,763,1096,1247,612,763,612,1247
39,1,3,7,1276,614,1425,763,1278,1426,612,763,612,1426
39,1,3,8,1455,614,1604,763,1457,1605,612,763,612,1605
39,1,3,9,1634,614,1783,763,1639,1784,612,763,612,1784
39,1,4,0,14,795,163,944,16,164,793,944,793,164
39,1,4,1,193,795,342,944,194,343,793,944,793,343
39,1,4,2,369,795,518,944,376,519,793,944,793,519
39,1,4,3,555,795,704,944,557,705,793,944,793,705
39,1,4,4,736,795,885,944,735,886,793,944,793,886
39,1,4,5,914,795,1063,944,917,1064,793,944,793,1064
39,1,4,6,1097,795,1246,944,1097,1247,793,944,793,1247
39,1,4,7,1277,795,1426,944,1277,1427,793,944,793,1427
39,1,4,8,1456,795,1605,944,1457,1606,793,944,793,1606
39,1,4,9,1622,795,1771,944,1653,1772,793,944,793,1772
39,2,0,0,13,70,162,219,13,163,68,220,68,163
39,2,0,1,193,70,342,219,194,343,68,220,68,343
39,2,0,2,361,70,510,219,386,511,68,220,68,511
39,2,0,3,555,70,704,219,556,705,68,220,68,705
39,2,0,4,735,70,884,219,735,885,68,220,68,885
39,2,0,5,912,70,1061,219,922,1062,68,220,68,1062
39,2,0,6,1096,70,1245,219,1095,1246,68,220,68,1246
39,2,0,7,1277,70,1426,219,1278,1427,68,220,68,1427
39,2,0,8,1457,70,1606,219,1457,1607,68,220,68,1607
39,2,0,9,1638,70,1787,219,1638,1788,68,220,68,1788
39,2,1,0,11,251,160,400,14,161,249,400,249,161
39,2,1,1,169,251,318,400,220,319,249,400,249,319
39,2,1,2,374,251,523,400,374,524,249,400,249,524
39,2,1,3,555,251,704,400,556,705,249,400,249,705
39,2,1,4,736,251,885,400,739,886,249,400,249,886
39,2,1,5,917,251,1066,400,917,1067,249,400,249,1067
39,2,1,6,1096,251,1245,400,1096,1246,249,400,249,1246
39,2,1,7,1275,251,1424,400,1276,1425,249,400,249,1425
39,2,1,8,1457,251,1606,400,1458,1607,249,400,249,1607
39,2,1,9,1636,251,1785,400,1638,1786,249,400,249,1786
39,2,2,0,14,432,163,581,13,164,430,582,430,164
39,2,2,1,194,432,343,581,198,344,430,582,430,344
39,2,2,2,374,432,523,581,374,524,430,582,430,524
39,2,2,3,555,432,704,581,558,705,430,582,430,705
39,2,2,4,736,432,885,581,743,886,430,582,430,886
39,2,2,5,914,432,1063,581,916,1064,430,582,430,1064
39,2,2,6,1093,432,1242,581,1097,1243,430,582,430,1243
39,2,2,7,1271,432,1420,581,1279,1421,430,582,430,1421
39,2,2,8,1449,432,1598,581,1464,1599,430,582,430,1599
39,2,2,9,1638,432,1787,581,1637,1788,430,582,430,1788
39,2,3,0,9,614,158,763,18,159,612,763,612,159
39,2,3,1,190,614,339,763,196,340,612,763,612,340
39,2,3,2,374,614,523,763,376,524,612,763,612,524
39,2,3,3,555,614,704,763,556,705,612,763,612,705
39,2,3,4,735,614,884,763,735,885,612,763,612,885
39,2,3,5,917,614,1066,763,917,1067,612,763,612,1067
39,2,3,6,1094,614,1243,763,1096,1244,612,763,612,1244
39,2,3,7,1276,614,1425,763,1276,1426,612,763,612,1426
39,2,3,8,1457,614,1606,763,1457,1607,612,763,612,1607
39,2,3,9,1634,614,1783,763,1638,1784,612,763,612,1784
39,2,4,0,14,795,163,944,13,164,793,944,793,164
39,2,4,1,195,795,344,944,195,345,793,944,793,345
39,2,4,2,369,795,518,944,375,519,793,944,793,519
39,2,4,3,554,795,703,944,555,704,793,944,793,704
39,2,4,4,731,795,880,944,740,881,793,944,793,881
39,2,4,5,916,795,1065,944,917,1066,793,944,793,1066
39,2,4,6,1096,795,1245,944,1097,1246,793,944,793,1246
39,2,4,7,1275,795,1424,944,1277,1425,793,944,793,1425
39,2,4,8,1457,795,1606,944,1457,1607,793,944,793,1607
39,2,4,9,1638,795,1787,944,1637,1788,793,944,793,1788
40,1,0,0,11,72,160,221,12,161,70,221,70,161
40,1,0,1,192,72,341,221,194,342,70,221,70,342
40,1,0,2,372,72,521,221,374,522,70,221,70,522
40,1,0,3,553,72,702,221,555,703,70,221,70,703
40,1,0,4,731,72,880,221,735,881,70,221,70,881
40,1,0,5,914,77,1063,226,921,1064,70,221,75,1064
40,1,0,6,1096,72,1245,221,1094,1246,70,221,70,1246
40,1,0,7,1277,72,1426,221,1276,1427,70,221,70,1427
40,1,0,8,1453,72,1602,221,1463,1603,70,221,70,1603
40,1,0,9,1634,72,1783,221,1643,1784,70,221,70,1784
40,1,1,0,10,253,159,402,11,160,251,402,251,160
40,1,1,1,179,253,328,402,205,329,251,402,251,329
40,1,1,2,371,253,520,402,372,521,251,402,251,521
40,1,1,3,553,253,702,402,554,703,251,402,251,703
40,1,1,4,734,253,883,402,733,884,251,402,251,884
40,1,1,5,915,253,1064,402,914,1065,251,402,251,1065
40,1,1,6,1093,253,1242,402,1096,1243,251,402,251,1243
40,1,1,7,1277,253,1426,402,1287,1427,251,402,251,1427
40,1,1,8,1457,253,1606,402,1456,1607,251,402,251,1607
40,1,1,9,1637,253,1786,402,1637,1787,251,402,251,1787
40,1,2,0,11,435,160,584,12,161,433,584,433,161
40,1,2,1,191,435,340,584,193,341,433,584,433,341
40,1,2,2,371,435,520,584,373,521,433,584,433,521
40,1,2,3,553,435,702,584,554,703,433,584,433,703
40,1,2,4,731,435,880,584,733,881,433,584,433,881
40,1,2,5,915,435,1064,584,914,1065,433,584,433,1065
40,1,2,6,1095,435,1244,584,1095,1245,433,584,433,1245
40,1,2,7,1276,435,1425,584,1276,1426,433,584,433,1426
40,1,2,8,1450,435,1599,584,1462,1600,433,584,433,1600
40,1,2,9,1637,435,1786,584,1637,1787,433,584,433,1787
40,1,3,0,11,616,160,765,11,161,614,765,614,161
40,1,3,1,190,616,339,765,196,340,614,765,614,340
40,1,3,2,372,616,521,765,372,522,614,765,614,522
40,1,3,3,554,616,703,765,554,704,614,765,614,704
40,1,3,4,730,616,879,765,740,880,614,765,614,880
40,1,3,5,912,616,1061,765,917,1062,614,765,614,1062
40,1,3,6,1095,616,1244,765,1095,1245,614,765,614,1245
40,1,3,7,1276,616,1425,765,1276,1426,614,765,614,1426
40,1,3,8,1456,616,1605,765,1457,1606,614,765,614,1606
40,1,3,9,1635,616,1784,765,1638,1785,614,765,614,1785
40,1,4,0,10,797,159,946,11,160,795,947,795,160
40,1,4,1,191,797,340,946,192,341,795,947,795,341
40,1,4,2,372,797,521,946,373,522,795,947,795,522
40,1,4,3,551,797,700,946,555,701,795,947,795,701
40,1,4,4,734,797,883,946,734,884,795,947,795,884
40,1,4,5,913,797,1062,946,918,1063,795,947,795,1063
40,1,4,6,1095,797,1244,946,1097,1245,795,947,795,1245
40,1,4,7,1275,797,1424,946,1276,1425,795,947,795,1425
40,1,4,8,1456,797,1605,946,1463,1607,795,947,795,1606
40,1,4,9,1637,797,1786,946,1638,1787,795,947,795,1787
40,2,0,0,7,72,156,221,11,157,70,221,70,157
40,2,0,1,192,72,341,221,194,342,70,221,70,342
40,2,0,2,372,72,521,221,372,522,70,221,70,522
40,2,0,3,552,72,701,221,553,702,70,221,70,702
40,2,0,4,729,72,878,221,736,879,70,221,70,879
40,2,0,5,914,72,1063,221,915,1064,70,221,70,1064
40,2,0,6,1095,72,1244,221,1095,1245,70,221,70,1245
40,2,0,7,1276,72,1425,221,1277,1426,70,221,70,1426
40,2,0,8,1456,72,1605,221,1457,1606,70,221,70,1606
40,2,0,9,1637,72,1786,221,1638,1787,70,221,70,1787
40,2,1,0,12,253,161,402,12,162,251,402,251,162
40,2,1,1,191,253,340,402,196,341,251,402,251,341
40,2,1,2,373,253,522,402,373,523,251,402,251,523
40,2,1,3,554,253,703,402,554,704,251,402,251,704
40,2,1,4,732,253,881,402,735,882,251,402,251,882
40,2,1,5,916,253,1065,402,914,1066,251,402,251,1066
40,2,1,6,1091,253,1240,402,1098,1241,251,402,251,1241
40,2,1,7,1276,253,1425,402,1276,1426,251,402,251,1426
40,2,1,8,1456,253,1605,402,1457,1606,251,402,251,1606
40,2,1,9,1638,253,1787,402,1637,1788,251,402,251,1788
40,2,2,0,12,434,161,583,14,162,432,583,432,162
40,2,2,1,193,434,342,583,193,343,432,583,432,343
40,2,2,2,373,434,522,583,372,523,432,583,432,523
40,2,2,3,553,434,702,583,554,703,432,583,432,703
40,2,2,4,732,434,881,583,734,882,432,583,432,882
40,2,2,5,915,434,1064,583,915,1065,432,583,432,1065
40,2,2,6,1096,434,1245,583,1096,1246,432,583,432,1246
40,2,2,7,1276,434,1425,583,1276,1426,432,583,432,1426
40,2,2,8,1457,434,1606,583,1456,1607,432,583,432,1607
40,2,2,9,1635,434,1784,583,1640,1785,432,583,432,1785
40,2,3,0,12,616,161,765,10,162,614,765,614,162
40,2,3,1,190,616,339,765,195,340,614,765,614,340
40,2,3,2,371,616,520,765,373,521,614,765,614,521
40,2,3,3,554,616,703,765,554,704,614,765,614,704
40,2,3,4,735,616,884,765,733,885,614,765,614,885
40,2,3,5,912,616,1061,765,915,1062,614,765,614,1062
40,2,3,6,1095,616,1244,765,1095,1245,614,765,614,1245
40,2,3,7,1274,616,1423,765,1277,1424,614,765,614,1424
40,2,3,8,1455,616,1604,765,1456,1605,614,765,614,1605
40,2,3,9,1639,616,1788,765,1638,1789,614,765,614,1789
40,2,4,0,9,797,158,946,38,159,795,946,795,159
40,2,4,1,192,797,341,946,194,342,795,946,795,342
40,2,4,2,372,797,521,946,373,522,795,946,795,522
40,2,4,3,553,797,702,946,554,703,795,946,795,703
40,2,4,4,734,797,883,946,733,884,795,946,795,884
40,2,4,5,915,797,1064,946,917,1065,795,946,795,1065
40,2,4,6,1096,797,1245,946,1094,1246,795,946,795,1246
40,2,4,7,1276,797,1425,946,1276,1426,795,946,795,1426
40,2,4,8,1456,797,1605,946,1456,1606,795,946,795,1606
40,2,4,9,1636,797,1785,946,1638,1786,795,946,795,1786
41,1,0,0,8,66,157,215,6,159,63,217,64,158
41,1,0,1,190,66,339,215,187,340,63,217,64,340
41,1,0,2,370,66,519,215,368,520,63,217,64,520
41,1,0,3,552,66,701,215,549,702,63,217,64,702
41,1,0,4,732,66,881,215,730,882,63,217,64,882
41,1,0,5,914,66,1063,215,911,1064,63,217,64,1064
41,1,0,6,1094,66,1243,215,1091,1244,63,217,64,1244
41,1,0,7,1276,66,1425,215,1273,1426,63,217,64,1426
41,1,0,8,1456,66,1605,215,1453,1607,63,217,64,1606
41,1,0,9,1638,66,1787,215,1635,1788,63,217,64,1788
41,1,1,0,9,247,158,396,6,159,245,398,245,159
41,1,1,1,190,247,339,396,187,340,245,398,245,340
41,1,1,2,370,247,519,396,368,520,245,398,245,520
41,1,1,3,552,247,701,396,549,702,245,398,245,702
41,1,1,4,732,247,881,396,730,882,245,398,245,882
41,1,1,5,914,247,1063,396,911,1064,245,398,245,1064
41,1,1,6,1094,247,1243,396,1091,1244,245,398,245,1244
41,1,1,7,1276,247,1425,396,1273,1426,245,398,245,1426
41,1,1,8,1456,247,1605,396,1453,1607,245,398,245,1606
41,1,1,9,1638,247,1787,396,1635,1788,245,398,245,1788
41,1,2,0,8,429,157,578,6,159,427,579,427,158
41,1,2,1,190,429,339,578,187,340,427,579,427,340
41,1,2,2,370,429,519,578,368,520,427,579,427,520
41,1,2,3,552,429,701,578,549,702,427,579,427,702
41,1,2,4,732,429,881,578,730,882,427,579,427,882
41,1,2,5,914,429,1063,578,911,1064,427,579,427,1064
41,1,2,6,1094,429,1243,578,1091,1244,427,579,427,1244
41,1,2,7,1276,429,1425,578,1273,1426,427,579,427,1426
41,1,2,8,1456,429,1605,578,1454,1607,427,579,427,1606
41,1,2,9,1638,429,1787,578,1635,1788,427,579,427,1788
41,1,3,0,8,611,157,760,6,159,608,761,609,158
41,1,3,1,190,611,339,760,187,340,608,761,609,340
41,1,3,2,370,610,519,759,368,520,608,761,608,520
41,1,3,3,552,610,701,759,549,702,608,761,608,702
41,1,3,4,732,611,881,760,730,882,608,761,609,882
41,1,3,5,915,610,1064,759,912,1065,608,761,608,1065
41,1,3,6,1094,610,1243,759,1091,1244,608,761,608,1244
41,1,3,7,1276,610,1425,759,1273,1426,608,761,608,1426
41,1,3,8,1456,610,1605,759,1454,1607,608,761,608,1606
41,1,3,9,1638,610,1787,759,1635,1788,608,761,608,1788
41,1,4,0,8,792,157,941,6,159,790,943,790,158
41,1,4,1,190,792,339,941,187,340,790,943,790,340
41,1,4,2,370,792,519,941,368,520,790,943,790,520
41,1,4,3,552,792,701,941,549,702,790,943,790,702
41,1,4,4,732,792,881,941,730,882,790,943,790,882
41,1,4,5,914,792,1063,941,911,1064,790,943,790,1064
41,1,4,6,1094,792,1243,941,1091,1244,790,943,790,1244
41,1,4,7,1276,792,1425,941,1273,1426,790,943,790,1426
41,1,4,8,1456,792,1605,941,1454,1607,790,943,790,1606
41,1,4,9,1638,792,1787,941,1635,1788,790,943,790,1788
41,2,0,0,8,64,157,213,6,159,62,215,62,158
41,2,0,1,190,64,339,213,187,340,62,215,62,340
41,2,0,2,370,64,519,213,368,520,62,215,62,520
41,2,0,3,552,64,701,213,549,702,62,215,62,702
41,2,0,4,732,64,881,213,730,882,62,215,62,882
41,2,0,5,914,64,1063,213,911,1064,62,215,62,1064
41,2,0,6,1094,64,1243,213,1091,1244,62,215,62,1244
41,2,0,7,1276,64,1425,213,1273,1426,62,215,62,1426
41,2,0,8,1456,64,1605,213,1454,1607,62,215,62,1606
41,2,0,9,1638,64,1787,213,1635,1788,62,215,62,1788
41,2,1,0,8,246,157,395,6,159,244,397,244,158
41,2,1,1,190,246,339,395,187,340,244,397,244,340
41,2,1,2,370,246,519,395,368,520,244,397,244,520
41,2,1,3,552,246,701,395,549,702,244,397,244,702
41,2,1,4,732,246,881,395,730,882,244,397,244,882
41,2,1,5,914,246,1063,395,911,1064,244,397,244,1064
41,2,1,6,1094,246,1243,395,1092,1244,244,397,244,1244
41,2,1,7,1276,246,1425,395,1273,1426,244,397,244,1426
41,2,1,8,1456,246,1605,395,1453,1607,244,397,244,1606
41,2,1,9,1638,246,1787,395,1635,1788,244,397,244,1788
41,2,2,0,8,428,157,577,6,159,426,578,426,158
41,2,2,1,190,428,339,577,187,340,426,578,426,340
41,2,2,2,370,428,519,577,368,520,426,578,426,520
41,2,2,3,552,428,701,577,549,702,426,578,426,702
41,2,2,4,732,428,881,577,730,882,426,578,426,882
41,2,2,5,914,428,1063,577,911,1064,426,578,426,1064
41,2,2,6,1094,428,1243,577,1091,1244,426,578,426,1244
41,2,2,7,1276,428,1425,577,1273,1426,426,578,426,1426
41,2,2,8,1456,428,1605,577,1453,1607,426,578,426,1606
41,2,2,9,1638,428,1787,577,1635,1788,426,578,426,1788
41,2,3,0,9,609,158,758,6,159,607,760,607,159
41,2,3,1,190,609,339,758,187,340,607,760,607,340
41,2,3,2,370,609,519,758,368,520,607,760,607,520
41,2,3,3,552,609,701,758,549,702,607,760,607,702
41,2,3,4,732,609,881,758,730,882,607,760,607,882
41,2,3,5,914,609,1063,758,911,1064,607,760,607,1064
41,2,3,6,1094,609,1243,758,1091,1244,607,760,607,1244
41,2,3,7,1276,610,1425,759,1273,1426,607,760,608,1426
41,2,3,8,1456,610,1605,759,1454,1607,607,760,608,1606
41,2,3,9,1638,609,1787,758,1635,1788,607,760,607,1788
41,2,4,0,8,791,157,940,6,159,789,942,789,158
41,2,4,1,190,791,339,940,187,340,789,942,789,340
41,2,4,2,370,791,519,940,368,520,789,942,789,520
41,2,4,3,552,791,701,940,549,702,789,942,789,702
41,2,4,4,732,791,881,940,730,882,789,942,789,882
41,2,4,5,914,791,1063,940,911,1064,789,942,789,1064
41,2,4,6,1094,791,1243,940,1091,1244,789,942,789,1244
41,2,4,7,1276,792,1425,941,1273,1426,789,942,790,1426
41,2,4,8,1456,792,1605,941,1453,1607,789,942,790,1606
41,2,4,9,1638,791,1787,940,1635,1788,789,942,789,1788
